elapsed_time,image,x_head,y_head,x_tail,y_tail,compass,since_event
0:00:16,16,0.173,0.333,0.253,0.511,-150,16
0:00:17,17,0.204,0.262,0.209,0.471,-150,17
0:00:18,18,0.342,0.191,0.218,0.378,-150,18
0:00:19,19,0.449,0.218,0.244,0.302,-150,19
0:00:20,20,0.471,0.369,0.293,0.262,-150,20
0:00:21,21,0.591,0.409,0.404,0.316,-150,21
0:00:22,22,0.693,0.320,0.484,0.338,-150,22
0:00:23,23,0.778,0.227,0.582,0.276,-150,23
0:00:24,24,0.822,0.231,0.618,0.209,-150,24
0:00:25,25,0.938,0.173,0.742,0.129,-150,25
0:00:26,26,0.973,0.133,0.809,0.049,-150,26
0:00:27,27,0.813,0.187,0.747,0.018,-150,27
0:00:28,28,0.684,0.271,0.756,0.084,-150,28
0:00:29,29,0.564,0.289,0.738,0.164,-150,29
0:00:30,30,0.547,0.178,0.729,0.222,-150,30
0:00:31,31,0.609,0.036,0.649,0.200,-150,31
0:00:32,32,0.684,-0.004,0.644,0.164,-150,32
0:00:33,33,0.787,-0.013,0.662,0.098,-150,33
0:00:34,34,0.849,-0.031,0.671,0.053,-150,34
0:00:35,35,0.809,0.093,0.662,-0.004,-150,35
0:00:36,36,0.716,0.209,0.698,0.049,-150,36
0:00:37,37,0.613,0.324,0.689,0.164,-150,37
0:00:38,38,0.516,0.333,0.644,0.218,-150,38
0:00:39,39,0.502,0.342,0.631,0.227,-150,39
0:00:40,40,0.502,0.342,0.631,0.227,-150,40
0:00:41,41,0.520,0.338,0.640,0.227,150,1
0:00:42,42,0.524,0.347,0.644,0.218,150,2
0:00:43,43,0.524,0.347,0.644,0.218,150,3
0:00:44,44,0.524,0.347,0.644,0.218,150,4
0:00:45,45,0.551,0.342,0.653,0.209,150,5
0:00:46,46,0.613,0.382,0.653,0.213,150,6
0:00:47,47,0.564,0.431,0.636,0.276,150,7
0:00:48,48,0.520,0.462,0.591,0.298,150,8
0:00:49,49,0.444,0.458,0.591,0.333,150,9
0:00:50,50,0.440,0.449,0.578,0.329,150,10
0:00:51,51,0.462,0.444,0.573,0.316,150,11
0:00:52,52,0.444,0.444,0.578,0.320,150,12
0:00:53,53,0.444,0.444,0.578,0.320,150,13
0:00:54,54,0.444,0.444,0.578,0.320,150,14
0:00:55,55,0.453,0.449,0.578,0.320,150,15
0:00:56,56,0.533,0.498,0.547,0.324,150,16
0:00:57,57,0.560,0.547,0.516,0.373,150,17
0:00:58,58,0.524,0.578,0.516,0.396,150,18
0:00:59,59,0.427,0.667,0.467,0.458,150,19
0:01:00,60,0.302,0.760,0.387,0.564,150,20
0:01:01,61,0.098,0.760,0.289,0.640,150,21
0:01:02,62,-0.049,0.742,0.156,0.680,150,22
0:01:03,63,-0.213,0.644,0.009,0.702,150,23
0:01:04,64,-0.280,0.591,-0.080,0.658,150,24
0:01:05,65,-0.338,0.631,-0.107,0.636,150,25
0:01:06,66,-0.382,0.529,-0.200,0.644,150,26
0:01:07,67,-0.431,0.404,-0.258,0.520,150,27
0:01:08,68,-0.449,0.204,-0.373,0.400,150,28
0:01:09,69,-0.529,0.111,-0.431,0.289,150,29
0:01:10,70,-0.640,-0.031,-0.524,0.142,-150,1
0:01:11,71,-0.680,-0.173,-0.591,0.009,-150,2
0:01:12,72,-0.760,-0.289,-0.631,-0.142,-150,3
0:01:13,73,-0.738,-0.422,-0.653,-0.231,-150,4
0:01:14,74,-0.680,-0.511,-0.680,-0.316,-150,5
0:01:15,75,-0.640,-0.613,-0.622,-0.413,-150,6
0:01:16,76,-0.564,-0.738,-0.573,-0.533,-150,7
0:01:17,77,-0.449,-0.809,-0.587,-0.653,-150,8
0:01:18,78,-0.342,-0.884,-0.484,-0.751,-150,9
0:01:19,79,-0.147,-0.858,-0.324,-0.836,-150,10
0:01:20,80,-0.036,-0.796,-0.244,-0.827,-150,11
0:01:21,81,0.076,-0.760,-0.120,-0.809,-150,12
0:01:22,82,0.098,-0.716,-0.067,-0.827,-150,13
0:01:23,83,0.138,-0.676,-0.004,-0.809,-150,14
0:01:24,84,0.209,-0.636,0.071,-0.764,-150,15
0:01:25,85,,,,,-150,16
0:01:26,86,,,,,-150,17
0:01:27,87,,,,,-150,18
0:01:28,88,,,,,-150,19
0:01:29,89,,,,,-150,20
0:01:30,90,,,,,-150,21
0:01:31,91,,,,,-150,22
0:01:32,92,,,,,-150,23
0:01:33,93,,,,,-150,24
0:01:34,94,,,,,-150,25
0:01:35,95,-0.769,-0.387,-0.618,-0.271,-150,26
0:01:36,96,-0.689,-0.591,-0.716,-0.400,-150,27
0:01:37,97,-0.453,-0.542,-0.653,-0.529,-150,28
0:01:38,98,-0.302,-0.564,-0.489,-0.569,-150,29
0:01:39,99,-0.107,-0.649,-0.311,-0.644,-150,30
0:01:40,100,0.173,-0.689,-0.040,-0.671,-150,31
0:01:41,101,0.320,-0.564,0.120,-0.618,-150,32
0:01:42,102,0.391,-0.271,0.218,-0.378,-150,33
0:01:43,103,0.484,-0.173,0.316,-0.276,-150,34
0:01:44,104,0.613,-0.040,0.449,-0.160,-150,35
0:01:45,105,0.604,0.227,0.516,0.049,-150,36
0:01:46,106,0.418,0.387,0.538,0.227,-150,37
0:01:47,107,0.280,0.324,0.476,0.351,-150,38
0:01:48,108,0.298,0.200,0.413,0.360,-150,39
0:01:49,109,0.307,0.182,0.404,0.351,-150,40
0:01:50,110,0.333,0.111,0.409,0.298,-150,41
0:01:51,111,0.378,0.000,0.382,0.218,-150,42
0:01:52,112,0.471,-0.098,0.378,0.076,-150,43
0:01:53,113,0.582,-0.004,0.369,-0.013,150,1
0:01:54,114,0.649,0.062,0.476,-0.044,150,2
0:01:55,115,0.600,0.218,0.462,0.093,150,3
0:01:56,116,0.604,0.369,0.436,0.244,150,4
0:01:57,117,0.569,0.276,0.364,0.280,150,5
0:01:58,118,0.476,0.076,0.427,0.262,150,6
0:01:59,119,0.378,0.000,0.409,0.191,150,7
0:02:00,120,0.453,-0.067,0.387,0.120,150,8
0:02:01,121,0.582,-0.044,0.391,0.013,150,9
0:02:02,122,0.591,0.044,0.391,0.004,150,10
0:02:03,123,0.653,0.076,0.471,0.004,150,11
0:02:04,124,0.600,0.218,0.476,0.062,150,12
0:02:05,125,0.511,0.413,0.493,0.218,150,13
0:02:06,126,0.342,0.516,0.453,0.360,150,14
0:02:07,127,0.271,0.378,0.453,0.467,150,15
0:02:08,128,0.333,0.244,0.373,0.449,150,16
0:02:09,129,0.378,0.147,0.342,0.338,150,17
0:02:10,130,0.404,0.107,0.351,0.320,-150,1
0:02:11,131,0.409,0.053,0.382,0.240,-150,2
0:02:12,132,0.431,-0.076,0.396,0.129,-150,3
0:02:13,133,0.524,-0.187,0.400,-0.022,-150,4
0:02:14,134,0.533,-0.231,0.378,-0.102,-150,5
0:02:15,135,0.511,-0.369,0.373,-0.218,-150,6
0:02:16,136,0.360,-0.507,0.342,-0.307,-150,7
0:02:17,137,0.156,-0.564,0.209,-0.369,-150,8
0:02:18,138,0.178,-0.649,0.111,-0.462,-150,9
0:02:19,139,0.169,-0.667,0.076,-0.498,-150,10
0:02:20,140,0.218,-0.693,0.093,-0.564,-150,11
0:02:21,141,0.302,-0.569,0.102,-0.511,150,1
0:02:22,142,0.444,-0.378,0.244,-0.467,150,2
0:02:23,143,0.560,-0.209,0.382,-0.302,150,3
0:02:24,144,0.604,0.049,0.493,-0.102,150,4
0:02:25,145,0.560,0.280,0.489,0.089,150,5
0:02:26,146,0.449,0.400,0.467,0.209,150,6
0:02:27,147,0.378,0.462,0.467,0.289,150,7
0:02:28,148,0.373,0.484,0.462,0.311,-150,1
0:02:29,149,0.369,0.476,0.449,0.329,-150,2
0:02:30,150,0.307,0.378,0.484,0.316,-150,3
0:02:31,151,0.302,0.293,0.453,0.364,-150,4
0:02:32,152,0.329,0.213,0.409,0.360,-150,5
0:02:33,153,0.351,0.151,0.396,0.333,-150,6
0:02:34,154,0.351,0.098,0.396,0.253,-150,7
0:02:35,155,0.351,0.004,0.396,0.178,-150,8
0:02:36,156,0.453,-0.058,0.396,0.111,-150,9
0:02:37,157,0.556,-0.098,0.418,0.013,150,1
0:02:38,158,0.587,-0.049,0.396,-0.004,150,2
0:02:39,159,0.613,-0.009,0.396,-0.022,150,3
0:02:40,160,0.662,0.120,0.507,-0.004,150,4
0:02:41,161,0.587,0.311,0.493,0.129,150,5
0:02:42,162,0.467,0.449,0.476,0.258,150,6
0:02:43,163,0.351,0.573,0.400,0.369,150,7
0:02:44,164,0.164,0.556,0.364,0.449,150,8
0:02:45,165,0.031,0.547,0.236,0.507,150,9
0:02:46,166,-0.031,0.502,0.173,0.511,-150,1
0:02:47,167,0.058,0.400,0.089,0.600,-150,2
0:02:48,168,0.142,0.396,0.036,0.560,-150,3
0:02:49,169,0.204,0.467,-0.004,0.520,-150,4
0:02:50,170,0.222,0.529,-0.009,0.507,-150,5
0:02:51,171,0.253,0.564,0.044,0.529,-150,6
0:02:52,172,0.307,0.591,0.111,0.547,-150,7
0:02:53,173,0.378,0.609,0.200,0.524,-150,8
0:02:54,174,0.467,0.484,0.262,0.458,150,1
0:02:55,175,0.524,0.333,0.316,0.400,150,2
0:02:56,176,0.538,0.253,0.387,0.373,150,3
0:02:57,177,0.538,0.253,0.413,0.373,150,4
0:02:58,178,0.609,0.267,0.413,0.316,150,5
0:02:59,179,0.653,0.102,0.476,0.173,150,6
0:03:00,180,0.636,-0.044,0.458,0.053,150,7
0:03:01,181,0.591,-0.227,0.449,-0.107,150,8
0:03:02,182,0.458,-0.422,0.369,-0.240,150,9
0:03:03,183,0.333,-0.542,0.316,-0.342,150,10
0:03:04,184,0.218,-0.582,0.244,-0.404,150,11
0:03:05,185,0.173,-0.702,0.156,-0.511,150,12
0:03:06,186,0.036,-0.742,0.022,-0.551,150,13
0:03:07,187,-0.004,-0.751,-0.036,-0.582,150,14
0:03:08,188,0.076,-0.773,-0.062,-0.627,150,15
0:03:09,189,0.129,-0.653,-0.049,-0.560,150,16
0:03:10,190,0.227,-0.582,0.053,-0.511,150,17
0:03:11,191,0.280,-0.520,0.138,-0.409,150,18
0:03:12,192,0.324,-0.458,0.138,-0.409,150,19
0:03:13,193,0.369,-0.413,0.164,-0.418,150,20
0:03:14,194,0.387,-0.289,0.271,-0.436,150,21
0:03:15,195,0.387,-0.169,0.333,-0.351,150,22
0:03:16,196,0.307,-0.022,0.378,-0.204,150,23
0:03:17,197,0.253,-0.058,0.400,-0.178,-150,1
0:03:18,198,0.236,-0.173,0.427,-0.182,-150,2
0:03:19,199,0.280,-0.298,0.360,-0.133,-150,3
0:03:20,200,0.311,-0.409,0.289,-0.200,-150,4
0:03:21,201,0.369,-0.449,0.249,-0.289,-150,5
0:03:22,202,0.369,-0.493,0.249,-0.338,-150,6
0:03:23,203,0.369,-0.520,0.253,-0.360,-150,7
0:03:24,204,0.289,-0.609,0.204,-0.436,-150,8
0:03:25,205,0.209,-0.600,0.107,-0.449,-150,9
0:03:26,206,0.244,-0.564,0.084,-0.444,-150,10
0:03:27,207,0.276,-0.529,0.093,-0.467,-150,11
0:03:28,208,0.324,-0.467,0.133,-0.484,-150,12
0:03:29,209,0.271,-0.316,0.182,-0.493,-150,13
0:03:30,210,0.071,-0.364,0.262,-0.400,-150,14
0:03:31,211,0.018,-0.502,0.164,-0.364,-150,15
0:03:32,212,0.031,-0.547,0.129,-0.369,-150,16
0:03:33,213,0.116,-0.644,0.062,-0.458,-150,17
0:03:34,214,0.209,-0.627,0.058,-0.493,-150,18
0:03:35,215,0.316,-0.511,0.120,-0.498,-150,19
0:03:36,216,0.378,-0.329,0.227,-0.440,-150,20
0:03:37,217,0.302,-0.173,0.351,-0.356,-150,21
0:03:38,218,0.191,-0.236,0.373,-0.280,-150,22
0:03:39,219,0.200,-0.404,0.298,-0.244,-150,23
0:03:40,220,0.280,-0.520,0.213,-0.333,-150,24
0:03:41,221,0.307,-0.520,0.182,-0.356,-150,25
0:03:42,222,0.338,-0.489,0.182,-0.382,-150,26
0:03:43,223,0.387,-0.467,0.204,-0.378,-150,27
0:03:44,224,0.373,-0.502,0.200,-0.378,-150,28
0:03:45,225,0.351,-0.507,0.182,-0.378,-150,29
0:03:46,226,0.227,-0.538,0.200,-0.342,-150,30
0:03:47,227,0.222,-0.667,0.156,-0.484,-150,31
0:03:48,228,0.138,-0.769,0.084,-0.578,-150,32
0:03:49,229,-0.009,-0.716,-0.013,-0.524,-150,33
0:03:50,230,0.036,-0.716,-0.027,-0.538,-150,34
0:03:51,231,0.147,-0.653,-0.013,-0.547,-150,35
0:03:52,232,0.258,-0.524,0.044,-0.516,-150,36
0:03:53,233,0.240,-0.404,0.102,-0.520,-150,37
0:03:54,234,0.129,-0.307,0.182,-0.484,-150,38
0:03:55,235,0.000,-0.396,0.191,-0.387,-150,39
0:03:56,236,-0.067,-0.453,0.111,-0.382,-150,40
0:03:57,237,-0.102,-0.467,0.053,-0.387,-150,41
0:03:58,238,-0.147,-0.444,0.022,-0.387,-150,42
0:03:59,239,-0.151,-0.444,0.022,-0.387,-150,43
0:04:00,240,-0.173,-0.431,0.013,-0.387,-150,44
0:04:01,241,-0.138,-0.440,0.013,-0.382,150,1
0:04:02,242,-0.138,-0.449,0.040,-0.387,150,2
0:04:03,243,-0.129,-0.449,0.040,-0.396,150,3
0:04:04,244,-0.129,-0.449,0.040,-0.396,150,4
0:04:05,245,-0.084,-0.502,0.027,-0.378,150,5
0:04:06,246,0.067,-0.542,-0.009,-0.378,150,6
0:04:07,247,0.169,-0.480,-0.031,-0.436,150,7
0:04:08,248,0.129,-0.342,-0.013,-0.476,150,8
0:04:09,249,0.022,-0.298,0.084,-0.471,150,9
0:04:10,250,-0.133,-0.298,0.044,-0.356,150,10
0:04:11,251,-0.164,-0.280,-0.013,-0.164,150,11
0:04:12,252,-0.200,-0.227,-0.138,-0.044,150,12
0:04:13,253,-0.240,-0.262,-0.218,-0.067,150,13
0:04:14,254,-0.173,-0.351,-0.271,-0.191,150,14
0:04:15,255,-0.080,-0.236,-0.271,-0.187,150,15
0:04:16,256,-0.093,-0.058,-0.249,-0.173,150,16
0:04:17,257,-0.129,0.102,-0.151,-0.089,150,17
0:04:18,258,,,,,150,18
0:04:19,259,,,,,150,19
0:04:20,260,,,,,150,20
0:04:21,261,,,,,150,21
0:04:22,262,,,,,150,22
0:04:23,263,,,,,150,23
0:04:24,264,,,,,150,24
0:04:25,265,,,,,150,25
0:04:26,266,,,,,150,26
0:04:27,267,,,,,150,27
0:04:28,268,,,,,150,28
0:04:29,269,,,,,150,29
0:04:30,270,,,,,150,30
0:04:31,271,,,,,150,31
0:04:32,272,,,,,150,32
0:04:33,273,,,,,150,33
0:04:34,274,,,,,150,34
0:04:35,275,,,,,150,35
0:04:36,276,,,,,150,36
0:04:37,277,,,,,150,37
0:04:38,278,,,,,150,38
0:04:39,279,,,,,150,39
0:04:40,280,0.222,0.329,0.129,0.156,150,40
0:04:41,281,0.187,0.396,0.240,0.204,150,41
0:04:42,282,0.169,0.520,0.271,0.342,150,42
0:04:43,283,0.004,0.529,0.191,0.484,150,43
0:04:44,284,-0.040,0.378,0.120,0.498,150,44
0:04:45,285,0.058,0.209,0.067,0.413,150,45
0:04:46,286,0.182,0.249,0.004,0.324,150,46
0:04:47,287,0.253,0.293,0.040,0.298,150,47
0:04:48,288,0.178,0.418,0.111,0.227,150,48
0:04:49,289,0.058,0.444,0.173,0.298,150,49
0:04:50,290,0.000,0.342,0.204,0.338,150,50
0:04:51,291,0.049,0.209,0.169,0.356,150,51
0:04:52,292,0.036,0.173,0.156,0.342,150,52
0:04:53,293,0.093,0.129,0.111,0.329,150,53
0:04:54,294,0.222,0.076,0.076,0.182,150,54
0:04:55,295,0.302,0.076,0.102,0.151,150,55
0:04:56,296,0.382,0.013,0.218,0.084,150,56
0:04:57,297,0.413,0.071,0.267,0.040,-150,1
0:04:58,298,0.338,0.111,0.436,-0.049,-150,2
0:04:59,299,0.298,0.040,0.476,-0.044,-150,3
0:05:00,300,0.289,0.013,0.449,-0.058,-150,4
0:05:01,301,0.253,-0.009,0.413,-0.107,-150,5
0:05:02,302,0.276,-0.022,0.378,-0.138,-150,6
0:05:03,303,0.276,-0.022,0.369,-0.164,-150,7
0:05:04,304,0.276,-0.022,0.360,-0.173,-150,8
0:05:05,305,0.276,-0.022,0.360,-0.173,-150,9
0:05:06,306,0.276,-0.022,0.360,-0.173,-150,10
0:05:07,307,0.276,-0.022,0.360,-0.173,-150,11
0:05:08,308,0.276,-0.022,0.360,-0.173,-150,12
0:05:09,309,0.276,-0.022,0.360,-0.173,-150,13
0:05:10,310,0.276,-0.022,0.360,-0.173,-150,14
0:05:11,311,0.276,-0.022,0.360,-0.173,-150,15
0:05:12,312,0.276,-0.022,0.360,-0.173,-150,16
0:05:13,313,0.276,-0.022,0.360,-0.173,-150,17
0:05:14,314,0.276,-0.022,0.360,-0.173,-150,18
0:05:15,315,0.276,-0.022,0.360,-0.173,150,1
0:05:16,316,0.276,-0.022,0.360,-0.173,150,2
0:05:17,317,0.276,-0.022,0.360,-0.173,150,3
0:05:18,318,0.276,-0.022,0.360,-0.173,150,4
0:05:19,319,0.276,-0.022,0.360,-0.173,150,5
0:05:20,320,0.276,-0.022,0.360,-0.173,150,6
0:05:21,321,0.276,-0.022,0.360,-0.173,150,7
0:05:22,322,0.276,-0.022,0.360,-0.173,150,8
0:05:23,323,0.276,-0.022,0.360,-0.173,150,9
0:05:24,324,0.276,-0.022,0.360,-0.173,150,10
0:05:25,325,0.276,-0.022,0.360,-0.173,150,11
0:05:26,326,0.276,-0.022,0.360,-0.173,150,12
0:05:27,327,0.276,-0.022,0.360,-0.173,150,13
0:05:28,328,0.276,-0.022,0.360,-0.173,150,14
0:05:29,329,0.276,-0.022,0.360,-0.173,150,15
0:05:30,330,,,,,150,16
0:05:31,331,,,,,150,17
0:05:32,332,,,,,150,18
0:05:33,333,,,,,150,19
0:05:34,334,0.529,0.378,0.524,0.556,150,20
0:05:35,335,0.573,0.378,0.564,0.556,150,21
0:05:36,336,0.587,0.369,0.564,0.556,150,22
0:05:37,337,0.600,0.351,0.573,0.542,150,23
0:05:38,338,0.600,0.351,0.582,0.547,150,24
0:05:39,339,0.636,0.342,0.569,0.520,150,25
0:05:40,340,0.618,0.360,0.556,0.538,150,26
0:05:41,341,0.618,0.360,0.556,0.538,150,27
0:05:42,342,0.618,0.360,0.547,0.556,150,28
0:05:43,343,0.622,0.364,0.547,0.547,150,29
0:05:44,344,,,,,150,30
0:05:45,345,0.587,0.418,0.471,0.573,150,31
0:05:46,346,0.604,0.413,0.462,0.556,150,32
0:05:47,347,0.604,0.404,0.467,0.560,150,33
0:05:48,348,0.604,0.404,0.467,0.560,150,34
0:05:49,349,0.604,0.404,0.467,0.560,150,35
0:05:50,350,0.618,0.404,0.467,0.547,150,36
0:05:51,351,0.618,0.396,0.467,0.547,150,37
0:05:52,352,0.618,0.396,0.484,0.551,150,38
0:05:53,353,0.618,0.396,0.484,0.551,150,39
0:05:54,354,0.618,0.396,0.484,0.551,150,40
0:05:55,355,0.618,0.396,0.484,0.551,150,41
0:05:56,356,0.618,0.396,0.484,0.551,150,42
0:05:57,357,0.618,0.396,0.493,0.524,150,43
0:05:58,358,0.618,0.396,0.493,0.524,150,44
0:05:59,359,0.600,0.400,0.493,0.524,150,45
0:06:00,360,0.618,0.409,0.484,0.520,-150,1
0:06:01,361,0.631,0.422,0.480,0.498,-150,2
0:06:02,362,0.604,0.493,0.467,0.364,-150,3
0:06:03,363,0.538,0.511,0.591,0.329,-150,4
0:06:04,364,0.484,0.507,0.618,0.356,-150,5
0:06:05,365,0.413,0.476,0.609,0.404,-150,6
0:06:06,366,0.404,0.458,0.609,0.431,-150,7
0:06:07,367,0.400,0.467,0.591,0.440,-150,8
0:06:08,368,0.387,0.489,0.556,0.440,-150,9
0:06:09,369,0.391,0.480,0.564,0.440,-150,10
0:06:10,370,0.400,0.489,0.564,0.431,-150,11
0:06:11,371,0.400,0.489,0.564,0.431,-150,12
0:06:12,372,0.422,0.511,0.569,0.431,-150,13
0:06:13,373,0.431,0.533,0.556,0.422,-150,14
0:06:14,374,0.436,0.582,0.551,0.458,-150,15
0:06:15,375,0.449,0.622,0.538,0.467,-150,16
0:06:16,376,0.502,0.716,0.489,0.516,-150,17
0:06:17,377,0.480,0.707,0.502,0.511,-150,18
0:06:18,378,0.444,0.671,0.520,0.498,-150,19
0:06:19,379,0.431,0.662,0.556,0.502,-150,20
0:06:20,380,0.431,0.671,0.551,0.498,150,1
0:06:21,381,0.436,0.676,0.551,0.498,150,2
0:06:22,382,0.431,0.622,0.569,0.498,150,3
0:06:23,383,0.404,0.591,0.591,0.516,150,4
0:06:24,384,0.413,0.618,0.573,0.533,150,5
0:06:25,385,0.387,0.578,0.556,0.547,150,6
0:06:26,386,0.378,0.560,0.556,0.538,150,7
0:06:27,387,0.360,0.551,0.538,0.538,150,8
0:06:28,388,0.324,0.538,0.498,0.502,150,9
0:06:29,389,0.311,0.520,0.484,0.511,150,10
0:06:30,390,0.293,0.471,0.458,0.484,150,11
0:06:31,391,0.271,0.351,0.391,0.467,150,12
0:06:32,392,0.200,0.249,0.289,0.396,150,13
0:06:33,393,0.240,0.173,0.280,0.378,150,14
0:06:34,394,0.231,0.040,0.276,0.240,150,15
0:06:35,395,0.333,0.013,0.213,0.156,150,16
0:06:36,396,0.387,-0.071,0.249,0.049,150,17
0:06:37,397,0.449,-0.164,0.307,-0.013,150,18
0:06:38,398,0.471,-0.133,0.311,-0.004,150,19
0:06:39,399,0.520,-0.031,0.307,-0.084,150,20
0:06:40,400,0.520,0.067,0.404,-0.093,150,21
0:06:41,401,0.591,0.120,0.444,-0.009,150,22
0:06:42,402,0.707,0.169,0.516,0.049,-150,1
0:06:43,403,0.733,0.280,0.644,0.111,-150,2
0:06:44,404,0.618,0.382,0.693,0.196,-150,3
0:06:45,405,0.484,0.333,0.671,0.289,-150,4
0:06:46,406,0.476,0.298,0.653,0.311,-150,5
0:06:47,407,0.529,0.200,0.649,0.329,-150,6
0:06:48,408,0.636,0.120,0.644,0.316,-150,7
0:06:49,409,0.716,0.089,0.613,0.236,-150,8
0:06:50,410,0.813,0.058,0.662,0.200,-150,9
0:06:51,411,0.804,0.080,0.631,0.178,-150,10
0:06:52,412,0.809,0.209,0.636,0.138,-150,11
0:06:53,413,0.756,0.324,0.644,0.173,-150,12
0:06:54,414,0.689,0.427,0.676,0.236,-150,13
0:06:55,415,0.636,0.467,0.676,0.271,-150,14
0:06:56,416,0.502,0.458,0.649,0.333,-150,15
0:06:57,417,0.413,0.396,0.618,0.364,-150,16
0:06:58,418,0.427,0.462,0.587,0.382,-150,17
0:06:59,419,0.413,0.547,0.520,0.440,-150,18
0:07:00,420,0.324,0.631,0.449,0.511,-150,19
0:07:01,421,0.244,0.707,0.387,0.569,-150,20
0:07:02,422,0.196,0.831,0.298,0.653,-150,21
0:07:03,423,0.093,0.920,0.196,0.747,-150,22
0:07:04,424,-0.093,0.867,0.107,0.804,-150,23
0:07:05,425,-0.244,0.764,-0.076,0.849,-150,24
0:07:06,426,-0.431,0.627,-0.262,0.720,-150,25
0:07:07,427,-0.591,0.498,-0.449,0.636,-150,26
0:07:08,428,-0.711,0.316,-0.600,0.476,-150,27
0:07:09,429,-0.796,0.111,-0.707,0.293,-150,28
0:07:10,430,-0.738,-0.093,-0.733,0.111,-150,29
0:07:11,431,-0.689,-0.253,-0.720,-0.067,-150,30
0:07:12,432,-0.662,-0.418,-0.689,-0.227,-150,31
0:07:13,433,-0.556,-0.533,-0.653,-0.369,-150,32
0:07:14,434,-0.409,-0.600,-0.573,-0.484,-150,33
0:07:15,435,-0.227,-0.618,-0.418,-0.600,-150,34
0:07:16,436,-0.071,-0.547,-0.236,-0.640,-150,35
0:07:17,437,0.169,-0.493,-0.036,-0.542,-150,36
0:07:18,438,0.351,-0.516,0.142,-0.573,-150,37
0:07:19,439,0.444,-0.409,0.280,-0.529,-150,38
0:07:20,440,0.516,-0.253,0.431,-0.422,-150,39
0:07:21,441,0.653,-0.151,0.511,-0.298,-150,40
0:07:22,442,0.769,-0.062,0.627,-0.196,-150,41
0:07:23,443,0.756,0.093,0.724,-0.102,-150,42
0:07:24,444,0.658,0.182,0.680,0.004,-150,43
0:07:25,445,0.689,0.156,0.538,0.049,-150,44
0:07:26,446,0.716,0.116,0.529,0.138,-150,45
0:07:27,447,0.742,0.151,0.547,0.164,-150,46
0:07:28,448,0.733,0.236,0.538,0.151,-150,47
0:07:29,449,0.658,0.347,0.551,0.173,-150,48
0:07:30,450,0.529,0.458,0.560,0.249,-150,49
0:07:31,451,0.387,0.458,0.542,0.324,-150,50
0:07:32,452,0.271,0.342,0.471,0.360,-150,51
0:07:33,453,0.222,0.218,0.404,0.298,-150,52
0:07:34,454,0.204,0.107,0.378,0.200,-150,53
0:07:35,455,0.240,-0.013,0.333,0.138,-150,54
0:07:36,456,0.409,-0.089,0.244,0.031,-150,55
0:07:37,457,0.440,-0.049,0.244,-0.067,-150,56
0:07:38,458,0.511,-0.107,0.320,-0.067,-150,57
0:07:39,459,0.613,-0.080,0.444,-0.156,150,1
0:07:40,460,0.467,0.071,0.462,-0.138,150,2
0:07:41,461,0.236,0.107,0.427,0.031,150,3
0:07:42,462,0.164,0.089,0.342,0.031,150,4
0:07:43,463,0.120,0.067,0.293,-0.004,150,5
0:07:44,464,0.102,0.040,0.253,-0.040,150,6
0:07:45,465,0.000,-0.013,0.178,-0.089,150,7
0:07:46,466,-0.076,-0.147,0.093,-0.129,150,8
0:07:47,467,-0.049,-0.253,0.040,-0.084,150,9
0:07:48,468,-0.027,-0.329,-0.036,-0.129,150,10
0:07:49,469,0.067,-0.333,-0.071,-0.187,150,11
0:07:50,470,0.209,-0.227,0.031,-0.289,150,12
0:07:51,471,0.049,-0.093,0.142,-0.280,150,13
0:07:52,472,-0.049,-0.076,0.111,-0.187,150,14
0:07:53,473,-0.200,-0.102,0.000,-0.138,150,15
0:07:54,474,,,,,150,16
0:07:55,475,,,,,150,17
0:07:56,476,,,,,150,18
0:07:57,477,,,,,150,19
0:07:58,478,,,,,150,20
0:07:59,479,,,,,150,21
0:08:00,480,,,,,150,22
0:08:01,481,,,,,150,23
0:08:02,482,,,,,150,24
0:08:03,483,,,,,150,25
0:08:04,484,,,,,150,26
0:08:05,485,,,,,150,27
0:08:06,486,,,,,150,28
0:08:07,487,0.209,0.467,0.111,0.631,150,29
0:08:08,488,0.404,0.587,0.209,0.564,150,30
0:08:09,489,0.440,0.751,0.378,0.564,150,31
0:08:10,490,0.302,0.796,0.440,0.667,150,32
0:08:11,491,0.111,0.707,0.307,0.724,150,33
0:08:12,492,0.084,0.498,0.129,0.680,150,34
0:08:13,493,0.218,0.311,0.102,0.467,150,35
0:08:14,494,0.396,0.347,0.173,0.347,150,36
0:08:15,495,0.449,0.493,0.298,0.342,-150,1
0:08:16,496,0.569,0.587,0.436,0.453,-150,2
0:08:17,497,0.716,0.569,0.556,0.471,-150,3
0:08:18,498,0.729,0.591,0.653,0.404,-150,4
0:08:19,499,0.538,0.618,0.649,0.453,-150,5
0:08:20,500,0.422,0.569,0.604,0.511,-150,6
0:08:21,501,0.422,0.436,0.591,0.533,-150,7
0:08:22,502,0.507,0.342,0.484,0.529,-150,8
0:08:23,503,0.604,0.360,0.436,0.462,-150,9
0:08:24,504,0.618,0.333,0.489,0.440,-150,10
0:08:25,505,0.653,0.449,0.493,0.409,-150,11
0:08:26,506,0.613,0.560,0.542,0.396,-150,12
0:08:27,507,0.627,0.644,0.556,0.458,-150,13
0:08:28,508,0.587,0.627,0.573,0.436,-150,14
0:08:29,509,0.578,0.627,0.573,0.436,-150,15
0:08:30,510,0.467,0.636,0.609,0.502,-150,16
0:08:31,511,0.422,0.431,0.569,0.560,-150,17
0:08:32,512,0.538,0.329,0.493,0.493,-150,18
0:08:33,513,0.644,0.409,0.476,0.413,-150,19
0:08:34,514,0.613,0.502,0.493,0.378,-150,20
0:08:35,515,0.596,0.547,0.520,0.396,-150,21
0:08:36,516,0.520,0.582,0.551,0.378,-150,22
0:08:37,517,0.400,0.431,0.600,0.431,-150,23
0:08:38,518,0.413,0.333,0.547,0.436,-150,24
0:08:39,519,0.520,0.267,0.498,0.436,-150,25
0:08:40,520,0.627,0.267,0.502,0.387,-150,26
0:08:41,521,0.742,0.307,0.573,0.338,-150,27
0:08:42,522,0.778,0.369,0.609,0.324,-150,28
0:08:43,523,0.773,0.404,0.609,0.298,-150,29
0:08:44,524,0.760,0.413,0.609,0.298,-150,30
0:08:45,525,0.698,0.520,0.636,0.324,-150,31
0:08:46,526,0.551,0.627,0.636,0.462,-150,32
0:08:47,527,0.453,0.604,0.604,0.489,-150,33
0:08:48,528,0.404,0.476,0.582,0.529,-150,34
0:08:49,529,0.427,0.342,0.493,0.538,-150,35
0:08:50,530,0.529,0.333,0.458,0.484,-150,36
0:08:51,531,0.667,0.404,0.458,0.427,-150,37
0:08:52,532,0.600,0.529,0.484,0.369,150,1
0:08:53,533,0.516,0.582,0.524,0.387,150,2
0:08:54,534,0.480,0.573,0.538,0.387,150,3
0:08:55,535,0.476,0.573,0.538,0.387,150,4
0:08:56,536,0.404,0.613,0.524,0.444,150,5
0:08:57,537,0.316,0.520,0.516,0.493,150,6
0:08:58,538,0.289,0.467,0.480,0.493,150,7
0:08:59,539,0.316,0.342,0.458,0.480,150,8
0:09:00,540,0.431,0.276,0.431,0.458,150,9
0:09:01,541,0.556,0.271,0.418,0.409,150,10
0:09:02,542,0.662,0.307,0.484,0.342,150,11
0:09:03,543,0.693,0.342,0.507,0.338,150,12
0:09:04,544,0.711,0.360,0.520,0.302,150,13
0:09:05,545,0.720,0.378,0.547,0.276,150,14
0:09:06,546,0.680,0.440,0.609,0.253,150,15
0:09:07,547,0.640,0.462,0.636,0.271,150,16
0:09:08,548,0.591,0.453,0.653,0.271,150,17
0:09:09,549,0.573,0.427,0.698,0.338,150,18
0:09:10,550,0.600,0.458,0.729,0.316,150,19
0:09:11,551,0.600,0.449,0.724,0.289,150,20
0:09:12,552,0.587,0.422,0.724,0.280,150,21
0:09:13,553,0.564,0.409,0.724,0.271,150,22
0:09:14,554,0.564,0.409,0.724,0.271,150,23
0:09:15,555,0.564,0.409,0.698,0.289,150,24
0:09:16,556,0.564,0.431,0.680,0.311,150,25
0:09:17,557,0.569,0.440,0.680,0.311,150,26
0:09:18,558,0.658,0.493,0.649,0.324,150,27
0:09:19,559,0.724,0.489,0.604,0.342,150,28
0:09:20,560,0.742,0.476,0.582,0.369,150,29
0:09:21,561,0.796,0.498,0.627,0.404,150,30
0:09:22,562,0.858,0.324,0.667,0.324,150,31
0:09:23,563,0.858,0.178,0.662,0.187,150,32
0:09:24,564,0.911,0.191,0.733,0.111,150,33
0:09:25,565,0.804,0.302,0.769,0.116,150,34
0:09:26,566,0.720,0.378,0.724,0.182,150,35
0:09:27,567,0.596,0.351,0.733,0.204,150,36
0:09:28,568,0.556,0.231,0.751,0.209,150,37
0:09:29,569,0.582,0.164,0.769,0.236,150,38
0:09:30,570,0.573,0.116,0.693,0.227,150,39
0:09:31,571,0.573,0.067,0.671,0.209,150,40
0:09:32,572,0.564,0.049,0.658,0.209,150,41
0:09:33,573,0.556,0.040,0.662,0.200,150,42
0:09:34,574,0.556,0.022,0.644,0.169,150,43
0:09:35,575,0.467,0.031,0.618,0.120,150,44
0:09:36,576,0.400,0.027,0.573,0.080,150,45
0:09:37,577,0.369,0.040,0.529,0.067,150,46
0:09:38,578,0.280,0.022,0.458,0.040,150,47
0:09:39,579,0.156,0.076,0.338,0.027,150,48
0:09:40,580,0.107,0.076,0.289,0.000,150,49
0:09:41,581,0.022,0.040,0.209,-0.013,150,50
0:09:42,582,-0.053,-0.102,0.116,-0.022,-150,1
0:09:43,583,-0.004,-0.253,0.009,-0.062,-150,2
0:09:44,584,0.031,-0.342,-0.058,-0.164,-150,3
0:09:45,585,0.102,-0.329,-0.076,-0.253,-150,4
0:09:46,586,0.067,-0.173,-0.107,-0.253,-150,5
0:09:47,587,0.004,-0.116,-0.018,-0.307,-150,6
0:09:48,588,-0.049,-0.080,0.027,-0.253,-150,7
0:09:49,589,-0.147,-0.160,0.040,-0.160,150,1
0:09:50,590,-0.151,-0.236,0.004,-0.111,150,2
0:09:51,591,,,,,150,3
0:09:52,592,,,,,150,4
0:09:53,593,,,,,150,5
0:09:54,594,,,,,150,6
0:09:55,595,,,,,150,7
0:09:56,596,,,,,150,8
0:09:57,597,0.080,0.360,-0.049,0.218,150,9
0:09:58,598,0.262,0.342,0.093,0.271,150,10
0:09:59,599,0.440,0.200,0.231,0.227,150,11
0:10:00,600,0.538,0.102,0.342,0.111,150,12
0:10:01,601,0.551,0.262,0.467,0.093,150,13
0:10:02,602,0.431,0.382,0.542,0.218,150,14
0:10:03,603,0.298,0.324,0.493,0.316,150,15
0:10:04,604,0.249,0.196,0.404,0.342,150,16
0:10:05,605,0.244,0.058,0.369,0.200,150,17
0:10:06,606,0.262,0.004,0.404,0.129,-150,1
0:10:07,607,0.356,-0.111,0.391,0.062,-150,2
0:10:08,608,0.409,-0.182,0.324,-0.009,-150,3
0:10:09,609,0.449,-0.173,0.280,-0.067,-150,4
0:10:10,610,0.440,-0.107,0.236,-0.111,-150,5
0:10:11,611,0.458,-0.071,0.284,-0.138,-150,6
0:10:12,612,0.480,0.129,0.431,-0.067,-150,7
0:10:13,613,0.284,0.240,0.449,0.147,-150,8
0:10:14,614,0.213,0.129,0.369,0.258,-150,9
0:10:15,615,0.227,-0.009,0.262,0.187,-150,10
0:10:16,616,0.289,-0.022,0.138,0.102,-150,11
0:10:17,617,0.284,-0.040,0.067,-0.013,-150,12
0:10:18,618,0.409,-0.147,0.218,-0.093,-150,13
0:10:19,619,0.507,-0.067,0.320,-0.129,-150,14
0:10:20,620,0.484,0.151,0.396,-0.036,-150,15
0:10:21,621,,,,,-150,16
0:10:22,622,,,,,-150,17
0:10:23,623,,,,,-150,18
0:10:24,624,,,,,-150,19
0:10:25,625,,,,,-150,20
0:10:26,626,,,,,-150,21
0:10:27,627,,,,,-150,22
0:10:28,628,,,,,-150,23
0:10:29,629,,,,,-150,24
0:10:30,630,,,,,-150,25
0:10:31,631,,,,,-150,26
0:10:32,632,,,,,-150,27
0:10:33,633,,,,,-150,28
0:10:34,634,,,,,-150,29
0:10:35,635,0.098,0.333,0.262,0.236,-150,30
0:10:36,636,0.004,0.391,0.196,0.316,-150,31
0:10:37,637,-0.071,0.542,0.111,0.440,-150,32
0:10:38,638,-0.191,0.698,-0.013,0.582,-150,33
0:10:39,639,-0.391,0.662,-0.178,0.693,-150,34
0:10:40,640,-0.498,0.520,-0.378,0.684,-150,35
0:10:41,641,-0.489,0.298,-0.493,0.502,-150,36
0:10:42,642,-0.578,0.169,-0.529,0.360,-150,37
0:10:43,643,-0.720,0.067,-0.596,0.227,-150,38
0:10:44,644,-0.747,-0.036,-0.698,0.160,-150,39
0:10:45,645,-0.724,-0.231,-0.716,-0.040,-150,40
0:10:46,646,-0.724,-0.422,-0.662,-0.218,-150,41
0:10:47,647,-0.676,-0.600,-0.680,-0.391,-150,42
0:10:48,648,-0.516,-0.698,-0.609,-0.524,150,1
0:10:49,649,-0.364,-0.742,-0.533,-0.640,150,2
0:10:50,650,-0.324,-0.751,-0.507,-0.653,150,3
0:10:51,651,-0.227,-0.671,-0.427,-0.702,150,4
0:10:52,652,-0.218,-0.578,-0.347,-0.711,150,5
0:10:53,653,-0.200,-0.471,-0.218,-0.662,150,6
0:10:54,654,-0.240,-0.449,-0.044,-0.502,150,7
0:10:55,655,-0.169,-0.409,-0.004,-0.316,150,8
0:10:56,656,-0.133,-0.444,-0.031,-0.267,150,9
0:10:57,657,-0.200,-0.382,-0.031,-0.333,150,10
0:10:58,658,-0.120,-0.289,0.009,-0.387,150,11
0:10:59,659,0.004,-0.191,0.013,-0.382,150,12
0:11:00,660,0.191,-0.236,0.022,-0.338,150,13
0:11:01,661,0.302,-0.418,0.129,-0.329,150,14
0:11:02,662,0.427,-0.458,0.227,-0.422,150,15
0:11:03,663,0.511,-0.369,0.324,-0.453,150,16
0:11:04,664,0.600,-0.227,0.449,-0.378,150,17
0:11:05,665,0.773,-0.182,0.591,-0.280,150,18
0:11:06,666,0.907,-0.022,0.756,-0.147,150,19
0:11:07,667,0.884,0.173,0.831,-0.018,150,20
0:11:08,668,0.796,0.369,0.822,0.164,150,21
0:11:09,669,0.689,0.564,0.778,0.387,150,22
0:11:10,670,0.533,0.640,0.698,0.520,150,23
0:11:11,671,0.333,0.596,0.547,0.618,150,24
0:11:12,672,0.160,0.502,0.351,0.582,150,25
0:11:13,673,-0.049,0.360,0.111,0.484,150,26
0:11:14,674,-0.182,0.164,-0.062,0.360,150,27
0:11:15,675,-0.387,0.049,-0.227,0.178,-150,1
0:11:16,676,-0.551,-0.049,-0.396,0.084,-150,2
0:11:17,677,-0.707,-0.138,-0.542,-0.009,-150,3
0:11:18,678,-0.773,-0.276,-0.671,-0.111,-150,4
0:11:19,679,-0.733,-0.449,-0.724,-0.244,-150,5
0:11:20,680,-0.662,-0.627,-0.711,-0.427,-150,6
0:11:21,681,-0.489,-0.729,-0.627,-0.591,-150,7
0:11:22,682,-0.276,-0.787,-0.467,-0.742,-150,8
0:11:23,683,-0.027,-0.707,-0.218,-0.787,-150,9
0:11:24,684,0.178,-0.698,-0.013,-0.760,-150,10
0:11:25,685,0.302,-0.560,0.182,-0.707,-150,11
0:11:26,686,0.440,-0.404,0.324,-0.564,-150,12
0:11:27,687,0.671,-0.307,0.484,-0.422,-150,13
0:11:28,688,0.836,-0.213,0.680,-0.351,-150,14
0:11:29,689,0.858,-0.004,0.769,-0.200,-150,15
0:11:30,690,0.813,0.191,0.809,0.009,-150,16
0:11:31,691,0.804,0.338,0.760,0.164,-150,17
0:11:32,692,0.742,0.511,0.764,0.307,-150,18
0:11:33,693,0.640,0.618,0.742,0.449,-150,19
0:11:34,694,0.609,0.671,0.573,0.480,-150,20
0:11:35,695,0.627,0.653,0.529,0.480,-150,21
0:11:36,696,0.649,0.698,0.573,0.516,-150,22
0:11:37,697,0.564,0.742,0.618,0.542,-150,23
0:11:38,698,0.440,0.773,0.591,0.636,-150,24
0:11:39,699,0.298,0.791,0.489,0.711,150,1
0:11:40,700,0.093,0.724,0.293,0.747,150,2
0:11:41,701,-0.058,0.707,0.156,0.733,150,3
0:11:42,702,-0.267,0.609,-0.080,0.707,150,4
0:11:43,703,-0.431,0.467,-0.284,0.618,150,5
0:11:44,704,-0.547,0.311,-0.431,0.493,150,6
0:11:45,705,-0.582,0.124,-0.582,0.338,150,7
0:11:46,706,-0.698,0.018,-0.609,0.200,150,8
0:11:47,707,-0.791,-0.116,-0.676,0.049,150,9
0:11:48,708,-0.751,-0.240,-0.747,-0.036,150,10
0:11:49,709,-0.724,-0.391,-0.720,-0.173,150,11
0:11:50,710,-0.684,-0.582,-0.702,-0.391,150,12
0:11:51,711,-0.591,-0.729,-0.644,-0.538,150,13
0:11:52,712,-0.422,-0.867,-0.529,-0.702,150,14
0:11:53,713,-0.209,-0.920,-0.373,-0.818,150,15
0:11:54,714,-0.013,-0.853,-0.209,-0.862,-150,1
0:11:55,715,0.107,-0.733,-0.058,-0.858,-150,2
0:11:56,716,0.209,-0.604,0.076,-0.751,-150,3
0:11:57,717,0.151,-0.409,0.218,-0.582,-150,4
0:11:58,718,0.000,-0.324,0.173,-0.418,-150,5
0:11:59,719,-0.173,-0.316,0.027,-0.351,-150,6
0:12:00,720,-0.307,-0.298,-0.098,-0.320,-150,7
0:12:01,721,-0.409,-0.156,-0.236,-0.253,-150,8
0:12:02,722,-0.591,-0.049,-0.396,-0.120,-150,9
0:12:03,723,-0.760,0.013,-0.573,-0.040,150,1
0:12:04,724,-0.938,0.102,-0.747,0.067,150,2
0:12:05,725,-0.902,0.280,-0.804,0.098,150,3
0:12:06,726,-0.858,0.387,-0.764,0.209,150,4
0:12:07,727,-0.782,0.520,-0.778,0.307,150,5
0:12:08,728,-0.711,0.627,-0.773,0.431,150,6
0:12:09,729,-0.627,0.711,-0.742,0.533,150,7
0:12:10,730,-0.613,0.733,-0.742,0.587,150,8
0:12:11,731,-0.453,0.809,-0.618,0.711,150,9
0:12:12,732,-0.351,0.844,-0.547,0.818,150,10
0:12:13,733,-0.320,0.876,-0.511,0.796,150,11
0:12:14,734,-0.284,0.911,-0.467,0.822,150,12
0:12:15,735,-0.204,0.947,-0.378,0.884,150,13
0:12:16,736,-0.147,0.951,-0.351,0.893,150,14
0:12:17,737,-0.204,0.956,-0.378,0.876,150,15
0:12:18,738,-0.209,0.924,-0.404,0.876,150,16
0:12:19,739,-0.156,0.942,-0.351,0.867,150,17
0:12:20,740,-0.009,0.951,-0.200,0.929,150,18
0:12:21,741,0.147,0.938,-0.067,0.964,150,19
0:12:22,742,0.227,0.920,0.031,0.969,-150,1
0:12:23,743,0.298,0.902,0.111,0.947,-150,2
0:12:24,744,0.387,0.827,0.187,0.893,-150,3
0:12:25,745,0.547,0.764,0.342,0.858,-150,4
0:12:26,746,0.653,0.644,0.502,0.778,-150,5
0:12:27,747,0.769,0.511,0.653,0.671,-150,6
0:12:28,748,0.778,0.369,0.751,0.556,-150,7
0:12:29,749,0.849,0.329,0.764,0.498,-150,8
0:12:30,750,0.818,0.271,0.769,0.449,-150,9
0:12:31,751,0.858,0.249,0.724,0.378,-150,10
0:12:32,752,0.933,0.298,0.747,0.324,-150,11
0:12:33,753,0.893,0.333,0.698,0.342,-150,12
0:12:34,754,0.898,0.360,0.698,0.342,-150,13
0:12:35,755,0.867,0.240,0.764,0.396,-150,14
0:12:36,756,0.929,0.111,0.827,0.262,-150,15
0:12:37,757,0.929,-0.173,0.831,0.000,-150,16
0:12:38,758,0.822,-0.453,0.787,-0.262,-150,17
0:12:39,759,0.707,-0.573,0.604,-0.436,-150,18
0:12:40,760,0.738,-0.600,0.569,-0.529,-150,19
0:12:41,761,0.791,-0.396,0.689,-0.520,-150,20
0:12:42,762,0.618,-0.298,0.787,-0.373,-150,21
0:12:43,763,0.604,-0.267,0.796,-0.307,-150,22
0:12:44,764,0.604,-0.231,0.796,-0.293,150,1
0:12:45,765,0.662,-0.156,0.791,-0.289,150,2
0:12:46,766,0.716,-0.080,0.787,-0.262,150,3
0:12:47,767,0.742,-0.053,0.791,-0.227,150,4
0:12:48,768,0.716,0.071,0.782,-0.111,150,5
0:12:49,769,0.662,0.111,0.760,-0.049,150,6
0:12:50,770,0.671,0.071,0.787,-0.084,150,7
0:12:51,771,0.680,0.062,0.764,-0.111,150,8
0:12:52,772,0.680,0.053,0.764,-0.111,150,9
0:12:53,773,0.680,0.053,0.764,-0.111,150,10
0:12:54,774,0.680,0.053,0.764,-0.111,150,11
0:12:55,775,0.716,0.040,0.756,-0.147,150,12
0:12:56,776,0.796,0.040,0.760,-0.156,150,13
0:12:57,777,0.898,-0.022,0.711,-0.098,150,14
0:12:58,778,0.956,0.049,0.796,-0.049,150,15
0:12:59,779,0.876,0.196,0.844,0.004,150,16
0:13:00,780,0.769,0.378,0.831,0.209,150,17
0:13:01,781,0.591,0.524,0.756,0.404,150,18
0:13:02,782,0.551,0.653,0.653,0.489,150,19
0:13:03,783,0.471,0.782,0.582,0.609,150,20
0:13:04,784,0.324,0.791,0.507,0.689,150,21
0:13:05,785,0.116,0.769,0.320,0.773,150,22
0:13:06,786,-0.013,0.742,0.200,0.711,150,23
0:13:07,787,,,,,150,24
0:13:08,788,-0.173,0.400,-0.116,0.596,150,25
0:13:09,789,-0.200,0.209,-0.200,0.404,150,26
0:13:10,790,-0.191,0.058,-0.209,0.276,-150,1
0:13:11,791,-0.142,-0.071,-0.196,0.133,-150,2
0:13:12,792,-0.102,-0.218,-0.133,-0.022,-150,3
0:13:13,793,-0.084,-0.338,-0.093,-0.138,-150,4
0:13:14,794,-0.013,-0.413,-0.102,-0.227,-150,5
0:13:15,795,0.080,-0.444,-0.093,-0.324,-150,6
0:13:16,796,0.124,-0.431,-0.076,-0.351,-150,7
0:13:17,797,0.227,-0.360,0.040,-0.444,-150,8
0:13:18,798,0.391,-0.302,0.196,-0.373,-150,9
0:13:19,799,0.538,-0.196,0.369,-0.298,-150,10
0:13:20,800,0.609,-0.089,0.458,-0.209,-150,11
0:13:21,801,0.671,0.058,0.547,-0.098,-150,12
0:13:22,802,0.707,0.182,0.622,0.013,-150,13
0:13:23,803,0.564,0.333,0.671,0.173,-150,14
0:13:24,804,0.387,0.360,0.582,0.316,-150,15
0:13:25,805,0.253,0.258,0.418,0.364,-150,16
0:13:26,806,0.244,0.120,0.342,0.280,-150,17
0:13:27,807,0.271,-0.004,0.267,0.200,-150,18
0:13:28,808,0.382,-0.120,0.262,0.040,-150,19
0:13:29,809,0.476,-0.187,0.302,-0.058,-150,20
0:13:30,810,0.622,-0.173,0.422,-0.196,-150,21
0:13:31,811,0.658,0.044,0.564,-0.138,-150,22
0:13:32,812,0.476,0.227,0.569,0.053,-150,23
0:13:33,813,0.422,0.302,0.538,0.138,-150,24
0:13:34,814,0.422,0.382,0.502,0.191,-150,25
0:13:35,815,0.338,0.493,0.404,0.307,-150,26
0:13:36,816,0.173,0.564,0.289,0.409,-150,27
0:13:37,817,0.013,0.596,0.173,0.467,-150,28
0:13:38,818,-0.173,0.502,0.031,0.529,150,1
0:13:39,819,-0.316,0.360,-0.142,0.476,150,2
0:13:40,820,-0.453,0.240,-0.298,0.364,150,3
0:13:41,821,-0.551,0.084,-0.396,0.218,150,4
0:13:42,822,-0.676,-0.098,-0.547,0.058,150,5
0:13:43,823,-0.609,-0.253,-0.493,-0.098,150,6
0:13:44,824,-0.529,-0.333,-0.467,-0.142,150,7
0:13:45,825,-0.387,-0.476,-0.431,-0.262,150,8
0:13:46,826,-0.222,-0.556,-0.356,-0.413,150,9
0:13:47,827,-0.067,-0.569,-0.236,-0.493,150,10
0:13:48,828,0.004,-0.413,-0.160,-0.502,150,11
0:13:49,829,0.138,-0.324,-0.031,-0.440,150,12
0:13:50,830,0.356,-0.222,0.173,-0.316,150,13
0:13:51,831,0.400,-0.120,0.240,-0.236,150,14
0:13:52,832,0.422,0.000,0.280,-0.147,150,15
0:13:53,833,0.507,0.191,0.387,0.036,150,16
0:13:54,834,0.480,0.391,0.364,0.218,150,17
0:13:55,835,,,,,150,18
0:13:56,836,,,,,150,19
0:13:57,837,,,,,150,20
0:13:58,838,,,,,150,21
0:13:59,839,,,,,150,22
0:14:00,840,,,,,150,23
0:14:01,841,,,,,150,24
0:14:02,842,,,,,150,25
0:14:03,843,,,,,150,26
0:14:04,844,,,,,150,27
0:14:05,845,0.080,0.333,0.138,0.156,150,28
0:14:06,846,0.031,0.484,0.138,0.298,150,29
0:14:07,847,-0.067,0.551,0.111,0.449,150,30
0:14:08,848,-0.156,0.431,0.040,0.529,150,31
0:14:09,849,-0.022,0.262,-0.058,0.484,150,32
0:14:10,850,0.089,0.284,-0.093,0.329,150,33
0:14:11,851,0.111,0.378,-0.040,0.249,150,34
0:14:12,852,0.058,0.458,0.004,0.253,150,35
0:14:13,853,-0.044,0.529,0.058,0.360,-150,1
0:14:14,854,-0.209,0.462,-0.009,0.462,-150,2
0:14:15,855,-0.307,0.307,-0.147,0.422,-150,3
0:14:16,856,-0.351,0.271,-0.196,0.404,-150,4
0:14:17,857,-0.462,0.200,-0.298,0.333,-150,5
0:14:18,858,-0.431,0.062,-0.396,0.253,-150,6
0:14:19,859,-0.298,0.053,-0.444,0.160,-150,7
0:14:20,860,-0.236,0.067,-0.422,0.102,-150,8
0:14:21,861,-0.236,0.084,-0.418,0.102,-150,9
0:14:22,862,-0.213,0.093,-0.378,0.107,-150,10
0:14:23,863,-0.204,0.116,-0.373,0.102,-150,11
0:14:24,864,-0.236,0.102,-0.387,0.102,-150,12
0:14:25,865,-0.222,0.102,-0.387,0.102,150,1
0:14:26,866,-0.222,0.102,-0.387,0.102,150,2
0:14:27,867,-0.236,0.138,-0.387,0.084,150,3
0:14:28,868,-0.236,0.164,-0.364,0.040,150,4
0:14:29,869,-0.218,0.160,-0.333,0.022,150,5
0:14:30,870,-0.120,0.093,-0.289,0.044,150,6
0:14:31,871,-0.044,-0.031,-0.236,0.040,150,7
0:14:32,872,-0.040,0.062,-0.240,0.018,150,8
0:14:33,873,-0.004,0.138,-0.182,0.018,150,9
0:14:34,874,0.018,0.147,-0.156,0.044,150,10
0:14:35,875,0.093,0.080,-0.107,0.071,150,11
0:14:36,876,0.191,0.013,-0.004,0.040,150,12
0:14:37,877,0.338,0.027,0.138,0.031,150,13
0:14:38,878,0.449,-0.071,0.262,0.009,150,14
0:14:39,879,0.516,-0.004,0.311,-0.040,150,15
0:14:40,880,0.493,0.071,0.342,-0.049,150,16
0:14:41,881,0.582,0.160,0.431,0.022,150,17
0:14:42,882,0.658,0.222,0.511,0.084,150,18
0:14:43,883,0.662,0.284,0.596,0.102,150,19
0:14:44,884,0.582,0.333,0.631,0.151,150,20
0:14:45,885,0.516,0.347,0.644,0.209,150,21
0:14:46,886,0.484,0.342,0.618,0.244,150,22
0:14:47,887,0.462,0.271,0.636,0.249,150,23
0:14:48,888,0.529,0.182,0.622,0.329,150,24
0:14:49,889,0.644,0.156,0.600,0.307,150,25
0:14:50,890,0.667,0.120,0.627,0.284,150,26
0:14:51,891,0.684,0.053,0.653,0.222,150,27
0:14:52,892,0.729,0.000,0.671,0.156,150,28
0:14:53,893,0.787,-0.067,0.716,0.076,150,29
0:14:54,894,0.867,-0.084,0.738,0.009,150,30
0:14:55,895,0.867,-0.084,0.733,0.000,150,31
0:14:56,896,0.867,-0.084,0.724,-0.004,-150,1
0:14:57,897,0.862,-0.098,0.724,-0.004,-150,2
0:14:58,898,0.849,-0.093,0.724,0.013,-150,3
0:14:59,899,0.858,-0.076,0.724,0.022,-150,4
0:15:00,900,0.858,-0.076,0.724,0.022,-150,5
0:15:01,901,0.858,-0.076,0.724,0.022,-150,6
0:15:02,902,0.858,-0.076,0.724,0.022,-150,7
0:15:03,903,0.804,-0.058,0.658,0.036,-150,8
0:15:04,904,0.773,-0.053,0.653,0.053,-150,9
0:15:05,905,0.756,-0.107,0.658,0.027,-150,10
0:15:06,906,0.733,-0.111,0.667,0.022,-150,11
0:15:07,907,0.724,-0.133,0.662,0.022,-150,12
0:15:08,908,0.711,-0.187,0.676,-0.013,-150,13
0:15:09,909,0.556,-0.227,0.680,-0.076,-150,14
0:15:10,910,0.364,-0.138,0.587,-0.129,-150,15
0:15:11,911,0.338,0.031,0.498,-0.102,-150,16
0:15:12,912,0.213,0.124,0.387,0.009,-150,17
0:15:13,913,0.058,0.071,0.267,0.084,150,1
0:15:14,914,-0.062,-0.018,0.116,0.071,150,2
0:15:15,915,,,,,150,3
0:15:16,916,-0.316,-0.267,-0.182,-0.102,150,4
0:15:17,917,-0.444,-0.320,-0.284,-0.187,150,5
0:15:18,918,-0.551,-0.387,-0.404,-0.240,150,6
0:15:19,919,-0.702,-0.418,-0.520,-0.316,150,7
0:15:20,920,-0.813,-0.484,-0.627,-0.373,150,8
0:15:21,921,-0.747,-0.591,-0.689,-0.413,150,9
0:15:22,922,-0.587,-0.653,-0.671,-0.484,150,10
0:15:23,923,-0.476,-0.760,-0.582,-0.591,150,11
0:15:24,924,-0.351,-0.858,-0.480,-0.693,150,12
0:15:25,925,-0.160,-0.911,-0.329,-0.800,150,13
0:15:26,926,-0.031,-0.911,-0.182,-0.796,150,14
0:15:27,927,0.062,-0.938,-0.067,-0.796,150,15
0:15:28,928,0.147,-0.876,-0.031,-0.813,150,16
0:15:29,929,0.333,-0.791,0.147,-0.827,150,17
0:15:30,930,0.484,-0.707,0.298,-0.707,150,18
0:15:31,931,0.582,-0.600,0.396,-0.644,150,19
0:15:32,932,0.689,-0.484,0.511,-0.573,150,20
0:15:33,933,0.733,-0.347,0.618,-0.502,150,21
0:15:34,934,0.756,-0.182,0.707,-0.369,150,22
0:15:35,935,0.769,-0.018,0.764,-0.209,150,23
0:15:36,936,0.698,0.138,0.751,-0.040,150,24
0:15:37,937,0.636,0.182,0.760,0.036,150,25
0:15:38,938,0.516,0.218,0.702,0.147,-150,1
0:15:39,939,0.449,0.067,0.591,0.200,-150,2
0:15:40,940,0.369,-0.071,0.498,0.084,-150,3
0:15:41,941,0.396,-0.213,0.413,-0.009,-150,4
0:15:42,942,0.444,-0.284,0.347,-0.102,-150,5
0:15:43,943,0.547,-0.307,0.382,-0.182,-150,6
0:15:44,944,0.680,-0.276,0.458,-0.280,-150,7
0:15:45,945,0.800,-0.244,0.600,-0.271,-150,8
0:15:46,946,0.822,-0.093,0.716,-0.258,-150,9
0:15:47,947,0.742,0.036,0.760,-0.156,-150,10
0:15:48,948,0.662,0.147,0.751,-0.040,-150,11
0:15:49,949,0.671,0.151,0.733,-0.018,-150,12
0:15:50,950,0.662,0.191,0.720,0.009,-150,13
0:15:51,951,0.662,0.191,0.720,0.009,-150,14
0:15:52,952,0.680,0.191,0.716,0.000,-150,15
0:15:53,953,0.716,0.196,0.684,0.000,-150,16
0:15:54,954,0.809,0.173,0.676,0.044,-150,17
0:15:55,955,0.813,0.196,0.676,0.062,-150,18
0:15:56,956,0.867,0.147,0.671,0.067,-150,19
0:15:57,957,0.871,-0.018,0.693,0.084,-150,20
0:15:58,958,0.836,-0.164,0.724,0.004,-150,21
0:15:59,959,0.831,-0.320,0.702,-0.169,-150,22
0:16:00,960,0.804,-0.453,0.671,-0.307,-150,23
0:16:01,961,0.716,-0.538,0.578,-0.427,-150,24
0:16:02,962,0.671,-0.609,0.502,-0.507,-150,25
0:16:03,963,0.689,-0.520,0.471,-0.529,-150,26
0:16:04,964,0.707,-0.431,0.533,-0.529,-150,27
0:16:05,965,0.738,-0.284,0.609,-0.427,-150,28
0:16:06,966,0.751,-0.178,0.671,-0.369,-150,29
0:16:07,967,0.787,-0.102,0.716,-0.244,-150,30
0:16:08,968,0.778,-0.067,0.716,-0.222,-150,31
0:16:09,969,0.711,0.040,0.716,-0.129,-150,32
0:16:10,970,0.698,0.071,0.724,-0.093,-150,33
0:16:11,971,0.698,0.116,0.733,-0.049,-150,34
0:16:12,972,0.733,0.116,0.738,-0.058,-150,35
0:16:13,973,0.813,0.138,0.764,-0.027,-150,36
0:16:14,974,0.884,0.129,0.760,0.004,-150,37
0:16:15,975,0.867,0.200,0.773,0.022,-150,38
0:16:16,976,0.867,0.338,0.782,0.169,-150,39
0:16:17,977,0.738,0.529,0.764,0.329,-150,40
0:16:18,978,0.573,0.653,0.689,0.493,-150,41
0:16:19,979,0.418,0.782,0.569,0.636,-150,42
0:16:20,980,0.240,0.822,0.422,0.733,-150,43
0:16:21,981,0.071,0.764,0.280,0.760,-150,44
0:16:22,982,-0.102,0.711,0.111,0.738,-150,45
0:16:23,983,-0.276,0.631,-0.071,0.698,-150,46
0:16:24,984,-0.431,0.640,-0.231,0.671,-150,47
0:16:25,985,-0.618,0.618,-0.409,0.667,-150,48
0:16:26,986,-0.778,0.502,-0.600,0.582,-150,49
0:16:27,987,-0.822,0.316,-0.716,0.471,-150,50
0:16:28,988,-0.849,0.191,-0.747,0.369,-150,51
0:16:29,989,-0.778,0.067,-0.796,0.258,-150,52
0:16:30,990,-0.813,-0.107,-0.756,0.071,-150,53
0:16:31,991,-0.884,-0.244,-0.822,-0.076,-150,54
0:16:32,992,-0.822,-0.449,-0.809,-0.249,-150,55
0:16:33,993,-0.667,-0.582,-0.738,-0.422,-150,56
0:16:34,994,-0.511,-0.689,-0.640,-0.547,-150,57
0:16:35,995,-0.387,-0.738,-0.529,-0.613,150,1
0:16:36,996,-0.200,-0.764,-0.391,-0.689,150,2
0:16:37,997,-0.004,-0.778,-0.200,-0.756,150,3
0:16:38,998,0.138,-0.796,-0.062,-0.764,150,4
0:16:39,999,0.182,-0.720,-0.004,-0.813,150,5
0:16:40,1000,0.289,-0.627,0.147,-0.756,150,6
0:16:41,1001,0.449,-0.502,0.311,-0.627,150,7
0:16:42,1002,0.613,-0.387,0.449,-0.498,150,8
0:16:43,1003,0.778,-0.276,0.644,-0.391,150,9
0:16:44,1004,0.800,-0.098,0.720,-0.258,150,10
0:16:45,1005,0.796,0.102,0.760,-0.080,150,11
0:16:46,1006,0.707,0.280,0.778,0.093,150,12
0:16:47,1007,0.604,0.236,0.787,0.231,150,13
0:16:48,1008,0.578,0.311,0.738,0.227,150,14
0:16:49,1009,0.564,0.431,0.662,0.271,150,15
0:16:50,1010,0.640,0.431,0.667,0.244,150,16
0:16:51,1011,0.742,0.422,0.636,0.249,150,17
0:16:52,1012,0.849,0.396,0.684,0.307,150,18
0:16:53,1013,0.827,0.493,0.711,0.347,150,19
0:16:54,1014,0.689,0.622,0.724,0.440,150,20
0:16:55,1015,0.511,0.631,0.689,0.507,150,21
0:16:56,1016,0.533,0.662,0.631,0.484,150,22
0:16:57,1017,0.493,0.733,0.564,0.556,150,23
0:16:58,1018,0.364,0.822,0.476,0.658,150,24
0:16:59,1019,0.236,0.876,0.409,0.764,150,25
0:17:00,1020,0.151,0.867,0.360,0.796,150,26
0:17:01,1021,0.049,0.729,0.244,0.804,150,27
0:17:02,1022,-0.120,0.653,0.080,0.716,150,28
0:17:03,1023,-0.307,0.551,-0.129,0.676,150,29
0:17:04,1024,-0.413,0.404,-0.289,0.564,150,30
0:17:05,1025,-0.516,0.209,-0.409,0.387,150,31
0:17:06,1026,-0.636,0.040,-0.533,0.191,150,32
0:17:07,1027,-0.751,-0.089,-0.636,0.053,150,33
0:17:08,1028,-0.724,-0.280,-0.698,-0.080,150,34
0:17:09,1029,-0.702,-0.476,-0.702,-0.289,150,35
0:17:10,1030,-0.609,-0.636,-0.649,-0.440,150,36
0:17:11,1031,-0.502,-0.756,-0.578,-0.587,150,37
0:17:12,1032,-0.338,-0.849,-0.493,-0.724,-150,1
0:17:13,1033,-0.098,-0.893,-0.298,-0.849,-150,2
0:17:14,1034,0.093,-0.818,-0.116,-0.849,-150,3
0:17:15,1035,0.147,-0.769,-0.031,-0.840,-150,4
0:17:16,1036,0.142,-0.751,-0.013,-0.867,-150,5
0:17:17,1037,0.156,-0.720,0.036,-0.858,-150,6
0:17:18,1038,0.182,-0.716,0.067,-0.867,-150,7
0:17:19,1039,0.218,-0.662,0.116,-0.831,-150,8
0:17:20,1040,0.262,-0.582,0.173,-0.769,-150,9
0:17:21,1041,0.396,-0.502,0.262,-0.658,-150,10
0:17:22,1042,0.529,-0.458,0.378,-0.556,150,1
0:17:23,1043,0.676,-0.436,0.502,-0.547,150,2
0:17:24,1044,0.707,-0.356,0.591,-0.507,150,3
0:17:25,1045,0.729,-0.200,0.680,-0.378,150,4
0:17:26,1046,0.724,-0.013,0.738,-0.213,150,5
0:17:27,1047,0.671,0.133,0.738,-0.053,150,6
0:17:28,1048,0.649,0.236,0.724,0.058,150,7
0:17:29,1049,0.591,0.373,0.689,0.204,150,8
0:17:30,1050,0.462,0.520,0.604,0.369,150,9
0:17:31,1051,0.329,0.578,0.520,0.516,150,10
0:17:32,1052,0.138,0.609,0.333,0.591,150,11
0:17:33,1053,-0.013,0.524,0.169,0.636,-150,1
0:17:34,1054,-0.191,0.511,0.004,0.564,-150,2
0:17:35,1055,-0.391,0.573,-0.191,0.573,-150,3
0:17:36,1056,-0.547,0.613,-0.333,0.613,-150,4
0:17:37,1057,-0.742,0.556,-0.556,0.627,-150,5
0:17:38,1058,-0.849,0.364,-0.702,0.498,-150,6
0:17:39,1059,-0.902,0.156,-0.800,0.324,-150,7
0:17:40,1060,-0.942,-0.027,-0.876,0.164,-150,8
0:17:41,1061,-0.893,-0.209,-0.916,-0.018,-150,9
0:17:42,1062,-0.707,-0.267,-0.893,-0.182,-150,10
0:17:43,1063,-0.636,-0.378,-0.796,-0.280,-150,11
0:17:44,1064,-0.556,-0.404,-0.747,-0.351,-150,12
0:17:45,1065,-0.422,-0.422,-0.618,-0.413,150,1
0:17:46,1066,-0.342,-0.391,-0.516,-0.467,150,2
0:17:47,1067,-0.404,-0.356,-0.404,-0.542,150,3
0:17:48,1068,-0.440,-0.347,-0.333,-0.507,150,4
0:17:49,1069,-0.431,-0.324,-0.356,-0.502,150,5
0:17:50,1070,-0.431,-0.316,-0.373,-0.502,150,6
0:17:51,1071,-0.431,-0.316,-0.382,-0.502,150,7
0:17:52,1072,-0.409,-0.316,-0.391,-0.498,150,8
0:17:53,1073,-0.347,-0.316,-0.422,-0.467,150,9
0:17:54,1074,-0.280,-0.400,-0.449,-0.440,150,10
0:17:55,1075,-0.293,-0.569,-0.431,-0.431,150,11
0:17:56,1076,-0.324,-0.680,-0.427,-0.511,150,12
0:17:57,1077,-0.240,-0.796,-0.387,-0.671,150,13
0:17:58,1078,-0.173,-0.840,-0.347,-0.724,150,14
0:17:59,1079,-0.178,-0.902,-0.307,-0.751,150,15
0:18:00,1080,-0.120,-0.942,-0.267,-0.796,150,16
0:18:01,1081,-0.036,-0.920,-0.200,-0.818,150,17
0:18:02,1082,0.067,-0.938,-0.080,-0.804,150,18
0:18:03,1083,0.102,-0.827,-0.084,-0.871,150,19
0:18:04,1084,0.084,-0.769,-0.009,-0.911,150,20
0:18:05,1085,0.084,-0.733,0.013,-0.898,150,21
0:18:06,1086,0.089,-0.729,0.009,-0.880,150,22
0:18:07,1087,0.107,-0.729,0.004,-0.871,150,23
0:18:08,1088,0.093,-0.733,0.009,-0.884,150,24
0:18:09,1089,0.107,-0.733,0.009,-0.880,150,25
0:18:10,1090,0.156,-0.671,0.089,-0.822,150,26
0:18:11,1091,0.138,-0.671,0.084,-0.849,-150,1
0:18:12,1092,0.138,-0.698,0.076,-0.853,-150,2
0:18:13,1093,0.129,-0.702,0.084,-0.867,-150,3
0:18:14,1094,0.142,-0.693,0.071,-0.862,-150,4
0:18:15,1095,0.142,-0.693,0.071,-0.862,-150,5
0:18:16,1096,0.156,-0.707,0.071,-0.862,-150,6
0:18:17,1097,0.173,-0.698,0.067,-0.849,-150,7
0:18:18,1098,0.173,-0.698,0.062,-0.840,-150,8
0:18:19,1099,0.173,-0.698,0.062,-0.818,-150,9
0:18:20,1100,0.209,-0.702,0.076,-0.809,-150,10
0:18:21,1101,0.222,-0.716,0.071,-0.769,-150,11
0:18:22,1102,0.222,-0.716,0.071,-0.769,-150,12
0:18:23,1103,0.289,-0.644,0.142,-0.764,-150,13
0:18:24,1104,0.338,-0.524,0.222,-0.680,-150,14
0:18:25,1105,0.311,-0.458,0.289,-0.662,-150,15
0:18:26,1106,0.280,-0.467,0.360,-0.640,-150,16
0:18:27,1107,0.236,-0.493,0.387,-0.604,-150,17
0:18:28,1108,0.182,-0.542,0.382,-0.573,-150,18
0:18:29,1109,0.160,-0.649,0.342,-0.533,-150,19
0:18:30,1110,0.191,-0.738,0.284,-0.556,-150,20
0:18:31,1111,0.244,-0.787,0.231,-0.596,-150,21
0:18:32,1112,0.289,-0.831,0.240,-0.658,-150,22
0:18:33,1113,0.360,-0.818,0.253,-0.653,-150,23
0:18:34,1114,0.418,-0.796,0.253,-0.667,-150,24
0:18:35,1115,0.449,-0.693,0.240,-0.702,-150,25
0:18:36,1116,0.458,-0.667,0.271,-0.720,-150,26
0:18:37,1117,0.440,-0.698,0.236,-0.733,-150,27
0:18:38,1118,0.342,-0.804,0.249,-0.653,-150,28
0:18:39,1119,0.187,-0.831,0.253,-0.640,-150,29
0:18:40,1120,0.071,-0.796,0.253,-0.720,-150,30
0:18:41,1121,-0.004,-0.858,0.138,-0.747,-150,31
0:18:42,1122,-0.027,-0.960,0.040,-0.764,-150,32
0:18:43,1123,-0.107,-0.964,-0.098,-0.760,-150,33
0:18:44,1124,-0.258,-0.929,-0.138,-0.778,-150,34
0:18:45,1125,-0.449,-0.782,-0.244,-0.809,-150,35
0:18:46,1126,-0.560,-0.689,-0.387,-0.724,-150,36
0:18:47,1127,-0.724,-0.556,-0.560,-0.609,-150,37
0:18:48,1128,-0.787,-0.347,-0.671,-0.502,-150,38
0:18:49,1129,-0.929,-0.280,-0.724,-0.356,-150,39
0:18:50,1130,-0.956,-0.076,-0.858,-0.258,-150,40
0:18:51,1131,-0.938,0.173,-0.942,-0.031,-150,41
0:18:52,1132,-0.858,0.342,-0.884,0.147,-150,42
0:18:53,1133,-0.813,0.422,-0.742,0.227,-150,43
0:18:54,1134,-0.796,0.489,-0.769,0.289,-150,44
0:18:55,1135,-0.716,0.578,-0.742,0.382,-150,45
0:18:56,1136,-0.591,0.538,-0.769,0.471,-150,46
0:18:57,1137,-0.582,0.404,-0.716,0.556,-150,47
0:18:58,1138,-0.516,0.542,-0.720,0.542,-150,48
0:18:59,1139,-0.591,0.680,-0.596,0.484,-150,49
0:19:00,1140,-0.724,0.547,-0.511,0.524,-150,50
0:19:01,1141,-0.742,0.484,-0.564,0.564,-150,51
0:19:02,1142,-0.720,0.591,-0.547,0.507,-150,52
0:19:03,1143,-0.822,0.476,-0.631,0.542,-150,53
0:19:04,1144,-0.809,0.360,-0.698,0.507,-150,54
0:19:05,1145,-0.827,0.449,-0.644,0.484,-150,55
0:19:06,1146,-0.760,0.564,-0.636,0.418,-150,56
0:19:07,1147,-0.636,0.698,-0.684,0.507,-150,57
0:19:08,1148,-0.422,0.840,-0.529,0.720,-150,58
0:19:09,1149,-0.244,0.898,-0.418,0.813,-150,59
0:19:10,1150,-0.164,0.893,-0.342,0.858,-150,60
0:19:11,1151,-0.124,0.867,-0.267,0.942,-150,61
0:19:12,1152,-0.009,0.867,-0.124,0.987,-150,62
0:19:13,1153,0.062,0.867,-0.053,0.973,-150,63
0:19:14,1154,0.182,0.876,0.004,0.956,-150,64
0:19:15,1155,0.324,0.831,0.138,0.916,-150,65
0:19:16,1156,0.440,0.822,0.240,0.840,-150,66
0:19:17,1157,0.520,0.720,0.378,0.818,-150,67
0:19:18,1158,0.644,0.667,0.480,0.751,-150,68
0:19:19,1159,0.644,0.600,0.520,0.707,-150,69
0:19:20,1160,0.653,0.542,0.538,0.662,-150,70
0:19:21,1161,0.689,0.600,0.511,0.618,-150,71
0:19:22,1162,0.684,0.644,0.493,0.582,-150,72
0:19:23,1163,0.769,0.560,0.573,0.600,-150,73
0:19:24,1164,0.787,0.324,0.738,0.467,-150,74
0:19:25,1165,0.876,0.231,0.733,0.342,-150,75
0:19:26,1166,0.938,0.120,0.764,0.200,-150,76
0:19:27,1167,0.947,-0.049,0.804,0.040,-150,77
0:19:28,1168,0.853,-0.240,0.764,-0.093,-150,78
0:19:29,1169,0.902,-0.324,0.716,-0.258,-150,79
0:19:30,1170,0.862,-0.387,0.698,-0.298,-150,80
0:19:31,1171,0.804,-0.476,0.680,-0.338,-150,81
0:19:32,1172,0.596,-0.613,0.644,-0.436,-150,82
0:19:33,1173,0.453,-0.787,0.467,-0.600,-150,83
0:19:34,1174,0.271,-0.880,0.302,-0.698,150,1
0:19:35,1175,0.111,-0.920,0.133,-0.733,150,2
0:19:36,1176,0.084,-0.947,0.040,-0.769,150,3
0:19:37,1177,0.182,-0.867,-0.013,-0.809,150,4
0:19:38,1178,0.324,-0.804,0.111,-0.800,150,5
0:19:39,1179,0.440,-0.716,0.249,-0.778,150,6
0:19:40,1180,0.556,-0.636,0.369,-0.689,150,7
0:19:41,1181,0.627,-0.542,0.484,-0.653,150,8
0:19:42,1182,0.684,-0.382,0.591,-0.564,150,9
0:19:43,1183,0.689,-0.280,0.689,-0.458,150,10
0:19:44,1184,0.733,-0.142,0.707,-0.338,150,11
0:19:45,1185,0.742,-0.013,0.738,-0.200,150,12
0:19:46,1186,0.662,0.084,0.747,-0.093,150,13
0:19:47,1187,0.653,0.111,0.720,-0.062,150,14
0:19:48,1188,0.653,0.120,0.720,-0.049,150,15
0:19:49,1189,0.644,0.111,0.720,-0.049,-150,1
0:19:50,1190,0.618,0.098,0.733,-0.013,-150,2
0:19:51,1191,0.618,0.098,0.733,-0.013,-150,3
0:19:52,1192,0.622,0.089,0.751,-0.027,-150,4
0:19:53,1193,0.591,0.080,0.724,-0.009,-150,5
0:19:54,1194,0.556,0.040,0.716,0.022,-150,6
0:19:55,1195,0.547,0.027,0.729,0.031,-150,7
0:19:56,1196,0.529,0.031,0.716,0.031,-150,8
0:19:57,1197,0.511,0.004,0.689,0.049,-150,9
0:19:58,1198,0.538,-0.062,0.640,0.067,-150,10
0:19:59,1199,0.493,-0.120,0.578,0.022,-150,11
0:20:00,1200,0.471,-0.187,0.538,-0.044,-150,12
0:20:01,1201,0.467,-0.271,0.502,-0.098,-150,13
0:20:02,1202,0.529,-0.316,0.458,-0.129,-150,14
0:20:03,1203,0.556,-0.280,0.404,-0.164,-150,15
0:20:04,1204,0.573,-0.236,0.382,-0.200,-150,16
0:20:05,1205,0.591,-0.218,0.404,-0.204,-150,17
0:20:06,1206,0.693,-0.209,0.489,-0.236,-150,18
0:20:07,1207,0.764,-0.164,0.591,-0.253,-150,19
0:20:08,1208,0.831,-0.084,0.680,-0.222,-150,20
0:20:09,1209,0.778,0.004,0.742,-0.178,-150,21
0:20:10,1210,0.707,0.124,0.738,-0.062,-150,22
0:20:11,1211,0.698,0.129,0.760,-0.022,-150,23
0:20:12,1212,0.671,0.116,0.769,-0.013,-150,24