elapsed_time,image,x_head,y_head,x_tail,y_tail
0:00:20,20,-0.040,0.342,-0.031,0.164
0:00:21,21,-0.124,0.404,-0.058,0.227
0:00:22,22,-0.262,0.338,-0.076,0.293
0:00:23,23,-0.342,0.307,-0.151,0.324
0:00:24,24,-0.378,0.369,-0.182,0.338
0:00:25,25,-0.311,0.462,-0.200,0.320
0:00:26,26,-0.262,0.511,-0.173,0.347
0:00:27,27,-0.209,0.493,-0.200,0.316
0:00:28,28,-0.236,0.489,-0.191,0.324
0:00:29,29,-0.316,0.453,-0.164,0.338
0:00:30,30,-0.329,0.476,-0.173,0.382
0:00:31,31,-0.444,0.302,-0.280,0.427
0:00:32,32,-0.667,0.200,-0.498,0.289
0:00:33,33,-0.764,0.093,-0.618,0.209
0:00:34,34,-0.769,-0.160,-0.711,0.013
0:00:35,35,-0.653,-0.444,-0.689,-0.249
0:00:36,36,-0.524,-0.587,-0.622,-0.427
0:00:37,37,-0.387,-0.671,-0.502,-0.533
0:00:38,38,-0.249,-0.711,-0.409,-0.613
0:00:39,39,-0.178,-0.760,-0.329,-0.627
0:00:40,40,-0.156,-0.782,-0.284,-0.658
0:00:41,41,-0.178,-0.791,-0.280,-0.640
0:00:42,42,-0.200,-0.804,-0.244,-0.622
0:00:43,43,-0.133,-0.809,-0.244,-0.658
0:00:44,44,-0.120,-0.809,-0.244,-0.658
0:00:45,45,-0.120,-0.809,-0.244,-0.658
0:00:46,46,-0.124,-0.813,-0.231,-0.653
0:00:47,47,-0.124,-0.813,-0.231,-0.653
0:00:48,48,-0.116,-0.804,-0.231,-0.653
0:00:49,49,-0.196,-0.769,-0.200,-0.587
0:00:50,50,-0.089,-0.769,-0.209,-0.613
0:00:51,51,0.102,-0.756,-0.089,-0.724
0:00:52,52,0.320,-0.698,0.124,-0.716
0:00:53,53,0.511,-0.480,0.360,-0.604
0:00:54,54,0.667,-0.360,0.520,-0.480
0:00:55,55,0.747,-0.080,0.667,-0.244
0:00:56,56,0.680,0.196,0.720,0.009
0:00:57,57,0.533,0.284,0.689,0.160
0:00:58,58,0.436,0.440,0.600,0.316
0:00:59,59,0.400,0.440,0.582,0.373
0:01:00,60,0.333,0.422,0.538,0.431
0:01:01,61,0.293,0.387,0.467,0.453
0:01:02,62,0.160,0.391,0.351,0.462
0:01:03,63,0.178,0.271,0.222,0.462
0:01:04,64,0.258,0.120,0.160,0.284
0:01:05,65,0.404,0.076,0.209,0.133
0:01:06,66,0.538,0.049,0.342,0.067
0:01:07,67,0.667,0.067,0.471,0.040
0:01:08,68,0.747,0.049,0.556,0.031
0:01:09,69,0.773,0.120,0.600,0.040
0:01:10,70,0.756,0.276,0.653,0.111
0:01:11,71,0.627,0.471,0.622,0.289
0:01:12,72,0.449,0.658,0.511,0.484
0:01:13,73,0.293,0.698,0.449,0.587
0:01:14,74,0.267,0.680,0.436,0.596
0:01:15,75,0.280,0.671,0.471,0.604
0:01:16,76,0.289,0.676,0.476,0.613
0:01:17,77,0.316,0.676,0.489,0.596
0:01:18,78,0.316,0.667,0.489,0.591
0:01:19,79,0.342,0.644,0.511,0.573
0:01:20,80,0.387,0.636,0.556,0.529
0:01:21,81,0.413,0.604,0.573,0.529
0:01:22,82,0.449,0.569,0.609,0.511
0:01:23,83,0.440,0.556,0.613,0.520
0:01:24,84,0.418,0.631,0.560,0.507
0:01:25,85,0.431,0.640,0.551,0.498
0:01:26,86,0.404,0.649,0.538,0.498
0:01:27,87,0.253,0.773,0.333,0.604
0:01:28,88,0.022,0.831,0.187,0.729
0:01:29,89,-0.191,0.778,0.000,0.711
0:01:30,90,-0.467,0.644,-0.271,0.689
0:01:31,91,-0.591,0.467,-0.427,0.573
0:01:32,92,-0.640,0.351,-0.520,0.502
0:01:33,93,-0.684,0.258,-0.573,0.387
0:01:34,94,-0.684,0.182,-0.618,0.360
0:01:35,95,-0.622,0.200,-0.636,0.387
0:01:36,96,-0.582,0.204,-0.689,0.338
0:01:37,97,-0.564,0.213,-0.698,0.324
0:01:38,98,-0.564,0.213,-0.698,0.324
0:01:39,99,-0.547,0.218,-0.698,0.324
0:01:40,100,-0.529,0.240,-0.707,0.302
0:01:41,101,-0.467,0.267,-0.653,0.253
0:01:42,102,-0.364,0.320,-0.529,0.227
0:01:43,103,-0.316,0.418,-0.404,0.253
0:01:44,104,-0.369,0.547,-0.320,0.360
0:01:45,105,-0.458,0.596,-0.324,0.458
0:01:46,106,-0.551,0.564,-0.360,0.529
0:01:47,107,-0.622,0.436,-0.458,0.516
0:01:48,108,-0.671,0.298,-0.538,0.431
0:01:49,109,-0.671,0.129,-0.618,0.316
0:01:50,110,-0.644,0.018,-0.644,0.204
0:01:51,111,-0.591,-0.120,-0.618,0.067
0:01:52,112,-0.582,-0.227,-0.600,-0.031
0:01:53,113,-0.516,-0.360,-0.573,-0.182
0:01:54,114,-0.396,-0.453,-0.529,-0.333
0:01:55,115,-0.262,-0.480,-0.431,-0.400
0:01:56,116,-0.178,-0.453,-0.382,-0.440
0:01:57,117,-0.107,-0.404,-0.276,-0.476
0:01:58,118,-0.040,-0.298,-0.151,-0.444
0:01:59,119,-0.049,-0.200,-0.076,-0.382
0:02:00,120,-0.107,-0.138,-0.031,-0.289
0:02:01,121,-0.173,-0.098,-0.018,-0.191
0:02:02,122,-0.240,-0.111,-0.053,-0.120
0:02:03,123,-0.271,-0.147,-0.093,-0.102
0:02:04,124,-0.271,-0.213,-0.164,-0.067
0:02:05,125,-0.271,-0.271,-0.200,-0.102
0:02:06,126,-0.244,-0.342,-0.227,-0.151
0:02:07,127,-0.218,-0.440,-0.258,-0.262
0:02:08,128,-0.156,-0.551,-0.244,-0.396
0:02:09,129,-0.036,-0.609,-0.191,-0.493
0:02:10,130,0.102,-0.604,-0.093,-0.573
0:02:11,131,0.231,-0.542,0.040,-0.578
0:02:12,132,0.329,-0.507,0.142,-0.551
0:02:13,133,0.431,-0.480,0.244,-0.511
0:02:14,134,0.502,-0.449,0.333,-0.476
0:02:15,135,0.560,-0.400,0.382,-0.440
0:02:16,136,0.609,-0.329,0.440,-0.391
0:02:17,137,0.658,-0.227,0.524,-0.333
0:02:18,138,0.698,-0.089,0.591,-0.231
0:02:19,139,0.707,0.067,0.631,-0.102
0:02:20,140,0.662,0.227,0.649,0.040
0:02:21,141,0.582,0.364,0.618,0.182
0:02:22,142,0.520,0.449,0.573,0.284
0:02:23,143,0.427,0.524,0.498,0.364
0:02:24,144,0.373,0.618,0.458,0.449
0:02:25,145,0.284,0.676,0.422,0.533
0:02:26,146,0.156,0.680,0.316,0.609
0:02:27,147,0.027,0.600,0.227,0.627
0:02:28,148,-0.044,0.462,0.107,0.596
0:02:29,149,-0.093,0.324,0.013,0.489
0:02:30,150,-0.067,0.160,-0.062,0.333
0:02:31,151,0.053,0.049,-0.031,0.213
0:02:32,152,0.164,-0.004,0.058,0.147
0:02:33,153,0.280,0.004,0.098,0.102
0:02:34,154,0.360,0.067,0.164,0.080
0:02:35,155,0.476,0.129,0.284,0.076
0:02:36,156,0.507,0.204,0.364,0.120
0:02:37,157,0.547,0.289,0.409,0.151
0:02:38,158,0.564,0.373,0.484,0.209
0:02:39,159,0.542,0.458,0.511,0.276
0:02:40,160,0.493,0.538,0.529,0.364
0:02:41,161,0.409,0.636,0.493,0.480
0:02:42,162,0.284,0.667,0.440,0.578
0:02:43,163,0.142,0.631,0.311,0.622
0:02:44,164,0.053,0.502,0.209,0.609
0:02:45,165,-0.004,0.396,0.138,0.524
0:02:46,166,0.004,0.289,0.089,0.458
0:02:47,167,0.036,0.169,0.067,0.360
0:02:48,168,0.102,0.071,0.080,0.253
0:02:49,169,0.187,-0.013,0.111,0.156
0:02:50,170,0.284,-0.107,0.164,0.049
0:02:51,171,0.378,-0.120,0.222,-0.022
0:02:52,172,0.502,-0.111,0.307,-0.089
0:02:53,173,0.587,-0.044,0.404,-0.089
0:02:54,174,0.618,0.071,0.493,-0.058
0:02:55,175,0.680,0.169,0.564,0.018
0:02:56,176,0.662,0.307,0.609,0.133
0:02:57,177,0.578,0.409,0.604,0.236
0:02:58,178,0.564,0.436,0.582,0.253
0:02:59,179,0.564,0.436,0.582,0.253
0:03:00,180,0.569,0.484,0.564,0.307
0:03:01,181,0.573,0.556,0.573,0.364
0:03:02,182,0.396,0.680,0.467,0.507
0:03:03,183,0.253,0.716,0.396,0.587
0:03:04,184,0.142,0.649,0.324,0.644
0:03:05,185,0.062,0.511,0.222,0.627
0:03:06,186,0.049,0.387,0.147,0.542
0:03:07,187,0.111,0.258,0.120,0.440
0:03:08,188,0.191,0.138,0.156,0.333
0:03:09,189,0.276,0.040,0.200,0.213
0:03:10,190,0.364,-0.049,0.249,0.107
0:03:11,191,0.453,-0.138,0.320,0.004
0:03:12,192,0.564,-0.178,0.404,-0.076
0:03:13,193,0.689,-0.187,0.502,-0.133
0:03:14,194,0.742,-0.107,0.560,-0.147
0:03:15,195,0.733,0.022,0.613,-0.124
0:03:16,196,0.720,0.129,0.644,-0.040
0:03:17,197,0.671,0.289,0.680,0.116
0:03:18,198,0.573,0.436,0.649,0.271
0:03:19,199,0.529,0.529,0.582,0.351
0:03:20,200,0.458,0.618,0.538,0.449
0:03:21,201,0.351,0.676,0.467,0.524
0:03:22,202,0.236,0.729,0.391,0.604
0:03:23,203,0.107,0.796,0.253,0.671
0:03:24,204,-0.093,0.769,0.116,0.724
0:03:25,205,-0.244,0.720,-0.044,0.733
0:03:26,206,-0.396,0.658,-0.209,0.711
0:03:27,207,-0.520,0.511,-0.378,0.627
0:03:28,208,-0.631,0.360,-0.502,0.493
0:03:29,209,-0.622,0.249,-0.542,0.413
0:03:30,210,-0.569,0.138,-0.591,0.320
0:03:31,211,-0.533,0.022,-0.582,0.187
0:03:32,212,-0.476,-0.062,-0.569,0.102
0:03:33,213,-0.396,-0.156,-0.511,0.004
0:03:34,214,-0.271,-0.209,-0.422,-0.102
0:03:35,215,-0.182,-0.262,-0.324,-0.160
0:03:36,216,-0.129,-0.356,-0.253,-0.209
0:03:37,217,-0.031,-0.431,-0.164,-0.307
0:03:38,218,0.093,-0.453,-0.084,-0.396
0:03:39,219,0.200,-0.453,0.004,-0.436
0:03:40,220,0.324,-0.449,0.124,-0.449
0:03:41,221,0.440,-0.462,0.244,-0.453
0:03:42,222,0.569,-0.449,0.378,-0.458
0:03:43,223,0.636,-0.382,0.467,-0.440
0:03:44,224,0.707,-0.262,0.556,-0.378
0:03:45,225,0.738,-0.084,0.636,-0.244
0:03:46,226,0.724,0.084,0.680,-0.111
0:03:47,227,0.680,0.240,0.689,0.062
0:03:48,228,0.609,0.387,0.662,0.204
0:03:49,229,0.533,0.462,0.618,0.307
0:03:50,230,0.422,0.524,0.547,0.396
0:03:51,231,0.360,0.613,0.484,0.476
0:03:52,232,0.253,0.667,0.422,0.564
0:03:53,233,0.129,0.609,0.316,0.618
0:03:54,234,0.022,0.489,0.187,0.604
0:03:55,235,-0.071,0.382,0.062,0.520
0:03:56,236,-0.151,0.249,-0.049,0.413
0:03:57,237,-0.182,0.116,-0.116,0.284
0:03:58,238,-0.191,-0.067,-0.164,0.129
0:03:59,239,-0.182,-0.173,-0.191,0.013
0:04:00,240,-0.178,-0.298,-0.182,-0.093
0:04:01,241,-0.182,-0.364,-0.178,-0.151
0:04:02,242,-0.213,-0.431,-0.169,-0.244
0:04:03,243,-0.276,-0.484,-0.209,-0.307
0:04:04,244,-0.316,-0.449,-0.209,-0.302
0:04:05,245,-0.551,-0.449,-0.387,-0.360
0:04:06,246,-0.698,-0.404,-0.520,-0.302
0:04:07,247,-0.529,-0.231,-0.378,-0.293
0:04:08,248,-0.360,-0.067,-0.431,-0.236
0:04:09,249,-0.204,0.013,-0.351,-0.089
0:04:10,250,-0.076,-0.062,-0.276,-0.036
0:04:11,251,-0.049,-0.227,-0.147,-0.076
0:04:12,252,-0.124,-0.347,-0.102,-0.138
0:04:13,253,-0.151,-0.458,-0.156,-0.271
0:04:14,254,-0.142,-0.520,-0.209,-0.351
0:04:15,255,0.027,-0.538,-0.124,-0.444
0:04:16,256,0.236,-0.427,0.040,-0.431
0:04:17,257,0.427,-0.227,0.271,-0.316
0:04:18,258,0.533,0.124,0.462,-0.040
0:04:19,259,0.387,0.431,0.431,0.244
0:04:20,260,0.116,0.511,0.271,0.409
0:04:21,261,-0.191,0.409,-0.004,0.440
0:04:22,262,-0.333,0.164,-0.204,0.324
0:04:23,263,-0.413,-0.022,-0.333,0.138
0:04:24,264,-0.289,-0.076,-0.369,0.089
0:04:25,265,-0.231,-0.071,-0.356,0.071
0:04:26,266,-0.258,-0.076,-0.360,0.071
0:04:27,267,-0.289,-0.076,-0.351,0.089
0:04:28,268,-0.342,-0.071,-0.329,0.116
0:04:29,269,-0.382,-0.031,-0.289,0.133
0:04:30,270,-0.440,-0.022,-0.293,0.098
0:04:31,271,-0.480,-0.151,-0.364,0.000
0:04:32,272,-0.378,-0.324,-0.347,-0.138
0:04:33,273,-0.222,-0.387,-0.293,-0.231
0:04:34,274,0.022,-0.422,-0.129,-0.316
0:04:35,275,0.191,-0.356,0.027,-0.289
0:04:36,276,0.147,-0.244,-0.004,-0.151
0:04:37,277,0.191,-0.253,0.031,-0.147
0:04:38,278,0.182,-0.258,0.031,-0.147
0:04:39,279,0.191,-0.311,0.076,-0.178
0:04:40,280,0.369,-0.396,0.200,-0.316
0:04:41,281,0.551,-0.209,0.396,-0.311
0:04:42,282,0.431,-0.040,0.351,-0.191
0:04:43,283,0.413,0.084,0.333,-0.058
0:04:44,284,0.484,0.102,0.364,-0.027
0:04:45,285,0.618,0.089,0.440,0.053
0:04:46,286,0.716,0.076,0.529,0.058
0:04:47,287,0.724,0.018,0.542,0.053
0:04:48,288,0.773,-0.084,0.609,-0.040
0:04:49,289,0.791,-0.222,0.596,-0.156
0:04:50,290,0.693,-0.320,0.573,-0.191
0:04:51,291,0.591,-0.529,0.556,-0.351
0:04:52,292,0.262,-0.653,0.427,-0.587
0:04:53,293,0.102,-0.569,0.267,-0.622
0:04:54,294,0.049,-0.484,0.164,-0.613
0:04:55,295,-0.058,-0.413,0.076,-0.547
0:04:56,296,-0.164,-0.329,-0.044,-0.449
0:04:57,297,-0.253,-0.258,-0.111,-0.369
0:04:58,298,-0.316,-0.253,-0.160,-0.307
0:04:59,299,-0.333,-0.262,-0.164,-0.307
0:05:00,300,-0.347,-0.280,-0.178,-0.284
0:05:01,301,-0.369,-0.311,-0.191,-0.271
0:05:02,302,-0.396,-0.333,-0.218,-0.267
0:05:03,303,-0.467,-0.373,-0.302,-0.271
0:05:04,304,-0.538,-0.364,-0.382,-0.289
0:05:05,305,-0.591,-0.302,-0.413,-0.284
0:05:06,306,-0.604,-0.182,-0.453,-0.289
0:05:07,307,-0.671,-0.084,-0.524,-0.209
0:05:08,308,-0.667,0.062,-0.591,-0.076
0:05:09,309,-0.649,0.191,-0.587,0.036
0:05:10,310,-0.636,0.378,-0.529,0.209
0:05:11,311,-0.702,0.471,-0.538,0.404
0:05:12,312,-0.680,0.396,-0.493,0.458
0:05:13,313,-0.662,0.324,-0.529,0.458
0:05:14,314,-0.662,0.253,-0.569,0.422
0:05:15,315,-0.684,0.236,-0.591,0.378
0:05:16,316,-0.662,0.244,-0.600,0.422
0:05:17,317,-0.662,0.280,-0.591,0.449
0:05:18,318,-0.627,0.316,-0.618,0.511
0:05:19,319,-0.636,0.298,-0.662,0.476
0:05:20,320,-0.627,0.253,-0.711,0.422
0:05:21,321,-0.658,0.138,-0.720,0.320
0:05:22,322,-0.711,0.058,-0.724,0.240
0:05:23,323,-0.751,-0.013,-0.698,0.156
0:05:24,324,-0.769,-0.013,-0.684,0.151
0:05:25,325,-0.791,-0.027,-0.680,0.142
0:05:26,326,-0.738,-0.244,-0.742,-0.049
0:05:27,327,-0.676,-0.404,-0.711,-0.227
0:05:28,328,-0.578,-0.547,-0.609,-0.360
0:05:29,329,-0.524,-0.582,-0.591,-0.413
0:05:30,330,-0.413,-0.658,-0.529,-0.511
0:05:31,331,-0.298,-0.689,-0.427,-0.573
0:05:32,332,-0.218,-0.716,-0.369,-0.627
0:05:33,333,-0.227,-0.782,-0.324,-0.631
0:05:34,334,-0.209,-0.769,-0.333,-0.653
0:05:35,335,-0.222,-0.778,-0.347,-0.667
0:05:36,336,-0.218,-0.760,-0.382,-0.702
0:05:37,337,-0.222,-0.782,-0.396,-0.720
0:05:38,338,-0.218,-0.751,-0.378,-0.760
0:05:39,339,-0.204,-0.733,-0.347,-0.822
0:05:40,340,-0.204,-0.733,-0.329,-0.862
0:05:41,341,-0.191,-0.733,-0.307,-0.871
0:05:42,342,-0.209,-0.724,-0.307,-0.884
0:05:43,343,-0.231,-0.720,-0.324,-0.858
0:05:44,344,-0.271,-0.680,-0.378,-0.813
0:05:45,345,-0.271,-0.680,-0.351,-0.831
0:05:46,346,-0.262,-0.684,-0.342,-0.827
0:05:47,347,-0.284,-0.671,-0.338,-0.813
0:05:48,348,-0.271,-0.698,-0.369,-0.827
0:05:49,349,-0.298,-0.702,-0.378,-0.862
0:05:50,350,-0.298,-0.702,-0.351,-0.849
0:05:51,351,-0.298,-0.702,-0.356,-0.836
0:05:52,352,-0.222,-0.729,-0.351,-0.849
0:05:53,353,-0.258,-0.742,-0.413,-0.796
0:05:54,354,-0.280,-0.738,-0.427,-0.809
0:05:55,355,-0.298,-0.707,-0.422,-0.778
0:05:56,356,-0.316,-0.662,-0.413,-0.796
0:05:57,357,-0.311,-0.684,-0.404,-0.813
0:05:58,358,-0.293,-0.702,-0.413,-0.804
0:05:59,359,-0.293,-0.702,-0.396,-0.822
0:06:00,360,-0.298,-0.684,-0.360,-0.827
0:06:01,361,-0.320,-0.693,-0.324,-0.840
0:06:02,362,-0.280,-0.676,-0.329,-0.804
0:06:03,363,-0.298,-0.751,-0.316,-0.916
0:06:04,364,-0.307,-0.747,-0.316,-0.916
0:06:05,365,-0.307,-0.747,-0.324,-0.902
0:06:06,366,-0.307,-0.747,-0.324,-0.902
0:06:07,367,-0.307,-0.747,-0.324,-0.902
0:06:08,368,-0.307,-0.747,-0.324,-0.902
0:06:09,369,-0.307,-0.747,-0.324,-0.902
0:06:10,370,-0.307,-0.747,-0.324,-0.902
0:06:11,371,-0.307,-0.747,-0.324,-0.902
0:06:12,372,-0.307,-0.747,-0.324,-0.902
0:06:13,373,-0.307,-0.747,-0.324,-0.902
0:06:14,374,-0.271,-0.724,-0.329,-0.880
0:06:15,375,-0.231,-0.769,-0.360,-0.889
0:06:16,376,-0.142,-0.796,-0.324,-0.818
0:06:17,377,-0.138,-0.844,-0.316,-0.796
0:06:18,378,-0.067,-0.867,-0.236,-0.804
0:06:19,379,0.071,-0.813,-0.111,-0.796
0:06:20,380,0.213,-0.804,0.044,-0.773
0:06:21,381,0.316,-0.773,0.129,-0.760
0:06:22,382,0.440,-0.698,0.262,-0.724
0:06:23,383,0.547,-0.596,0.351,-0.658
0:06:24,384,0.609,-0.564,0.436,-0.609
0:06:25,385,0.711,-0.458,0.551,-0.538
0:06:26,386,0.751,-0.360,0.600,-0.458
0:06:27,387,0.796,-0.240,0.684,-0.391
0:06:28,388,0.822,-0.076,0.756,-0.227
0:06:29,389,0.796,0.102,0.796,-0.084
0:06:30,390,0.769,0.262,0.773,0.076
0:06:31,391,0.707,0.404,0.751,0.218
0:06:32,392,0.640,0.511,0.711,0.347
0:06:33,393,0.560,0.600,0.662,0.440
0:06:34,394,0.440,0.676,0.600,0.564
0:06:35,395,0.298,0.671,0.484,0.636
0:06:36,396,0.182,0.618,0.382,0.662
0:06:37,397,0.102,0.556,0.267,0.644
0:06:38,398,0.009,0.449,0.151,0.564
0:06:39,399,-0.098,0.356,0.049,0.484
0:06:40,400,-0.178,0.240,-0.031,0.373
0:06:41,401,-0.231,0.147,-0.107,0.293
0:06:42,402,-0.289,0.044,-0.178,0.200
0:06:43,403,-0.298,-0.084,-0.227,0.098
0:06:44,404,-0.289,-0.160,-0.280,0.022
0:06:45,405,-0.276,-0.200,-0.262,-0.009
0:06:46,406,-0.218,-0.196,-0.236,-0.027
0:06:47,407,-0.178,-0.271,-0.227,-0.089
0:06:48,408,-0.169,-0.373,-0.169,-0.182
0:06:49,409,-0.156,-0.444,-0.164,-0.271
0:06:50,410,-0.080,-0.516,-0.173,-0.360
0:06:51,411,0.000,-0.600,-0.124,-0.467
0:06:52,412,0.124,-0.618,-0.040,-0.529
0:06:53,413,0.244,-0.604,0.049,-0.582
0:06:54,414,0.333,-0.533,0.147,-0.564
0:06:55,415,0.431,-0.476,0.267,-0.547
0:06:56,416,0.511,-0.404,0.364,-0.507
0:06:57,417,0.600,-0.298,0.471,-0.413
0:06:58,418,0.653,-0.191,0.538,-0.333
0:06:59,419,0.653,-0.067,0.618,-0.249
0:07:00,420,0.662,0.058,0.636,-0.138
0:07:01,421,0.640,0.200,0.644,0.027
0:07:02,422,0.582,0.342,0.627,0.164
0:07:03,423,0.524,0.418,0.582,0.240
0:07:04,424,0.520,0.484,0.533,0.307
0:07:05,425,0.436,0.618,0.458,0.418
0:07:06,426,0.289,0.671,0.396,0.507
0:07:07,427,0.200,0.716,0.316,0.538
0:07:08,428,0.076,0.760,0.173,0.604
0:07:09,429,-0.200,0.742,-0.022,0.684
0:07:10,430,-0.476,0.547,-0.316,0.627
0:07:11,431,-0.547,0.324,-0.467,0.507
0:07:12,432,-0.484,0.280,-0.538,0.458
0:07:13,433,-0.369,0.289,-0.551,0.307
0:07:14,434,-0.316,0.382,-0.449,0.262
0:07:15,435,-0.400,0.467,-0.387,0.271
0:07:16,436,-0.449,0.507,-0.360,0.338
0:07:17,437,-0.458,0.573,-0.387,0.409
0:07:18,438,-0.427,0.716,-0.329,0.556
0:07:19,439,-0.422,0.667,-0.333,0.502
0:07:20,440,-0.324,0.724,-0.289,0.551
0:07:21,441,-0.164,0.671,-0.280,0.538
0:07:22,442,-0.013,0.618,-0.187,0.596
0:07:23,443,0.120,0.573,-0.058,0.618
0:07:24,444,0.244,0.573,0.058,0.587
0:07:25,445,0.280,0.609,0.080,0.587
0:07:26,446,0.302,0.613,0.107,0.600
0:07:27,447,0.364,0.564,0.169,0.596
0:07:28,448,0.440,0.542,0.244,0.560
0:07:29,449,0.560,0.476,0.360,0.431
0:07:30,450,0.791,0.289,0.591,0.271
0:07:31,451,0.840,0.142,0.680,0.222
0:07:32,452,0.698,-0.116,0.764,0.044
0:07:33,453,0.271,-0.289,0.458,-0.244
0:07:34,454,0.018,-0.293,0.209,-0.284
0:07:35,455,-0.102,-0.316,0.089,-0.302
0:07:36,456,-0.218,-0.316,-0.018,-0.316
0:07:37,457,-0.329,-0.324,-0.138,-0.302
0:07:38,458,-0.356,-0.404,-0.204,-0.307
0:07:39,459,-0.329,-0.462,-0.231,-0.316
0:07:40,460,-0.249,-0.529,-0.262,-0.342
0:07:41,461,-0.227,-0.587,-0.253,-0.409
0:07:42,462,-0.164,-0.671,-0.227,-0.493
0:07:43,463,-0.036,-0.716,-0.164,-0.564
0:07:44,464,0.244,-0.631,0.049,-0.613
0:07:45,465,0.444,-0.409,0.307,-0.529
0:07:46,466,0.538,-0.240,0.449,-0.396
0:07:47,467,0.591,-0.076,0.542,-0.244
0:07:48,468,0.587,0.067,0.582,-0.111
0:07:49,469,0.573,0.227,0.591,0.058
0:07:50,470,0.467,0.356,0.547,0.182
0:07:51,471,0.342,0.467,0.476,0.351
0:07:52,472,0.164,0.467,0.364,0.453
0:07:53,473,0.044,0.431,0.227,0.484
0:07:54,474,-0.111,0.347,0.058,0.449
0:07:55,475,-0.182,0.218,-0.062,0.369
0:07:56,476,-0.209,0.071,-0.173,0.249
0:07:57,477,-0.164,-0.076,-0.227,0.120
0:07:58,478,-0.084,-0.191,-0.182,-0.040
0:07:59,479,-0.009,-0.293,-0.102,-0.138
0:08:00,480,0.116,-0.364,-0.031,-0.236
0:08:01,481,0.249,-0.422,0.067,-0.338
0:08:02,482,0.369,-0.484,0.191,-0.396
0:08:03,483,0.453,-0.484,0.262,-0.422
0:08:04,484,0.613,-0.333,0.427,-0.387
0:08:05,485,0.671,-0.004,0.618,-0.191
0:08:06,486,0.556,0.249,0.649,0.093
0:08:07,487,0.444,0.422,0.556,0.276
0:08:08,488,0.289,0.524,0.440,0.422
0:08:09,489,0.111,0.493,0.307,0.476
0:08:10,490,-0.013,0.449,0.156,0.498
0:08:11,491,-0.124,0.360,0.040,0.449
0:08:12,492,-0.209,0.209,-0.067,0.356
0:08:13,493,-0.218,0.067,-0.156,0.244
0:08:14,494,-0.164,-0.076,-0.173,0.111
0:08:15,495,-0.107,-0.191,-0.138,-0.004
0:08:16,496,-0.102,-0.258,-0.120,-0.067
0:08:17,497,-0.111,-0.271,-0.120,-0.084
0:08:18,498,-0.111,-0.271,-0.151,-0.089
0:08:19,499,-0.129,-0.244,-0.182,-0.084
0:08:20,500,-0.129,-0.244,-0.191,-0.098
0:08:21,501,-0.129,-0.244,-0.191,-0.098
0:08:22,502,-0.129,-0.244,-0.191,-0.098
0:08:23,503,-0.129,-0.244,-0.191,-0.098
0:08:24,504,-0.129,-0.244,-0.191,-0.098
0:08:25,505,-0.173,-0.289,-0.156,-0.111
0:08:26,506,-0.178,-0.360,-0.173,-0.178
0:08:27,507,-0.240,-0.382,-0.173,-0.209
0:08:28,508,-0.262,-0.422,-0.196,-0.253
0:08:29,509,-0.227,-0.476,-0.213,-0.307
0:08:30,510,-0.196,-0.547,-0.227,-0.369
0:08:31,511,-0.160,-0.627,-0.200,-0.449
0:08:32,512,-0.093,-0.671,-0.164,-0.511
0:08:33,513,-0.036,-0.698,-0.160,-0.564
0:08:34,514,0.004,-0.693,-0.151,-0.582
0:08:35,515,0.058,-0.676,-0.111,-0.604
0:08:36,516,0.244,-0.582,0.058,-0.631
0:08:37,517,0.351,-0.467,0.209,-0.573
0:08:38,518,0.458,-0.338,0.351,-0.480
0:08:39,519,0.462,-0.178,0.444,-0.369
0:08:40,520,0.404,-0.036,0.453,-0.204
0:08:41,521,0.320,0.089,0.422,-0.080
0:08:42,522,0.218,0.173,0.333,0.018
0:08:43,523,0.080,0.200,0.258,0.120
0:08:44,524,-0.040,0.173,0.151,0.173
0:08:45,525,-0.120,0.098,0.044,0.169
0:08:46,526,-0.147,-0.013,-0.053,0.138
0:08:47,527,-0.182,-0.156,-0.120,0.031
0:08:48,528,-0.173,-0.258,-0.138,-0.080
0:08:49,529,-0.164,-0.360,-0.138,-0.178
0:08:50,530,-0.116,-0.458,-0.142,-0.271
0:08:51,531,0.000,-0.516,-0.107,-0.378
0:08:52,532,0.151,-0.524,-0.018,-0.449
0:08:53,533,0.271,-0.484,0.076,-0.476
0:08:54,534,0.382,-0.440,0.191,-0.449
0:08:55,535,0.471,-0.351,0.298,-0.436
0:08:56,536,0.516,-0.218,0.400,-0.351
0:08:57,537,0.520,-0.071,0.462,-0.240
0:08:58,538,0.502,0.049,0.502,-0.138
0:08:59,539,0.413,0.111,0.498,-0.049
0:09:00,540,0.333,0.111,0.484,0.022
0:09:01,541,0.218,0.062,0.404,0.084
0:09:02,542,0.120,-0.027,0.280,0.076
0:09:03,543,0.098,-0.169,0.164,0.009
0:09:04,544,0.133,-0.289,0.102,-0.098
0:09:05,545,0.187,-0.387,0.116,-0.218
0:09:06,546,0.244,-0.507,0.164,-0.329
0:09:07,547,0.298,-0.582,0.191,-0.418
0:09:08,548,0.316,-0.560,0.191,-0.427
0:09:09,549,0.422,-0.573,0.302,-0.431
0:09:10,550,0.449,-0.716,0.382,-0.538
0:09:11,551,0.218,-0.827,0.324,-0.658
0:09:12,552,-0.156,-0.618,-0.022,-0.764
0:09:13,553,-0.253,-0.271,-0.236,-0.449
0:09:14,554,-0.302,-0.227,-0.240,-0.396
0:09:15,555,-0.418,-0.244,-0.276,-0.356
0:09:16,556,-0.547,-0.231,-0.369,-0.302
0:09:17,557,-0.600,-0.187,-0.431,-0.276
0:09:18,558,-0.609,-0.138,-0.471,-0.253
0:09:19,559,-0.631,-0.076,-0.511,-0.222
0:09:20,560,-0.644,0.040,-0.564,-0.129
0:09:21,561,-0.662,0.058,-0.560,-0.089
0:09:22,562,-0.684,0.067,-0.582,-0.067
0:09:23,563,-0.689,0.107,-0.609,-0.049
0:09:24,564,-0.556,0.324,-0.609,0.138
0:09:25,565,-0.404,0.524,-0.516,0.369
0:09:26,566,-0.249,0.627,-0.396,0.493
0:09:27,567,-0.049,0.653,-0.227,0.609
0:09:28,568,0.160,0.640,-0.040,0.622
0:09:29,569,0.284,0.596,0.093,0.609
0:09:30,570,0.387,0.582,0.187,0.618
0:09:31,571,0.476,0.484,0.298,0.533
0:09:32,572,0.573,0.360,0.409,0.449
0:09:33,573,0.591,0.244,0.484,0.413
0:09:34,574,0.627,0.120,0.538,0.284
0:09:35,575,0.653,0.004,0.582,0.182
0:09:36,576,0.609,-0.147,0.604,0.053
0:09:37,577,0.556,-0.307,0.627,-0.138
0:09:38,578,0.449,-0.431,0.556,-0.293
0:09:39,579,0.311,-0.493,0.467,-0.409
0:09:40,580,0.173,-0.560,0.324,-0.484
0:09:41,581,0.009,-0.524,0.200,-0.542
0:09:42,582,-0.076,-0.440,0.098,-0.529
0:09:43,583,-0.191,-0.369,-0.031,-0.471
0:09:44,584,-0.262,-0.253,-0.120,-0.369
0:09:45,585,-0.413,-0.244,-0.231,-0.289
0:09:46,586,-0.498,-0.249,-0.298,-0.244
0:09:47,587,-0.596,-0.227,-0.413,-0.227
0:09:48,588,-0.676,-0.169,-0.493,-0.213
0:09:49,589,-0.711,-0.049,-0.564,-0.173
0:09:50,590,-0.653,0.191,-0.591,0.040
0:09:51,591,-0.649,0.200,-0.547,0.040
0:09:52,592,-0.649,0.209,-0.542,0.053
0:09:53,593,-0.573,0.396,-0.556,0.209
0:09:54,594,-0.307,0.578,-0.462,0.458
0:09:55,595,-0.053,0.644,-0.244,0.622
0:09:56,596,0.164,0.618,-0.031,0.649
0:09:57,597,0.293,0.613,0.093,0.622
0:09:58,598,0.418,0.538,0.236,0.591
0:09:59,599,0.529,0.436,0.351,0.511
0:10:00,600,0.600,0.253,0.480,0.400
0:10:01,601,0.622,0.084,0.587,0.258
0:10:02,602,0.511,0.102,0.644,0.191
0:10:03,603,0.431,0.160,0.591,0.111
0:10:04,604,0.373,0.262,0.516,0.138
0:10:05,605,0.418,0.369,0.449,0.178
0:10:06,606,0.511,0.422,0.431,0.240
0:10:07,607,0.524,0.462,0.458,0.293
0:10:08,608,0.413,0.564,0.458,0.382
0:10:09,609,0.289,0.636,0.422,0.502
0:10:10,610,0.173,0.693,0.324,0.578
0:10:11,611,0.013,0.689,0.182,0.631
0:10:12,612,-0.169,0.658,0.031,0.662
0:10:13,613,-0.316,0.542,-0.156,0.644
0:10:14,614,-0.342,0.387,-0.262,0.551
0:10:15,615,-0.400,0.244,-0.333,0.431
0:10:16,616,-0.387,0.129,-0.391,0.311
0:10:17,617,-0.227,0.093,-0.369,0.218
0:10:18,618,-0.098,-0.004,-0.253,0.129
0:10:19,619,-0.053,-0.138,-0.142,0.027
0:10:20,620,0.058,-0.222,-0.080,-0.058
0:10:21,621,0.147,-0.262,0.022,-0.124
0:10:22,622,0.280,-0.324,0.120,-0.200
0:10:23,623,0.422,-0.356,0.227,-0.271
0:10:24,624,0.538,-0.316,0.333,-0.298
0:10:25,625,0.613,-0.236,0.418,-0.276
0:10:26,626,0.644,-0.102,0.502,-0.227
0:10:27,627,0.671,0.080,0.582,-0.093
0:10:28,628,0.622,0.280,0.600,0.102
0:10:29,629,0.502,0.458,0.520,0.271
0:10:30,630,0.409,0.587,0.453,0.404
0:10:31,631,0.267,0.684,0.347,0.520
0:10:32,632,0.067,0.729,0.218,0.596
0:10:33,633,-0.120,0.680,0.058,0.618
0:10:34,634,-0.289,0.587,-0.093,0.609
0:10:35,635,-0.351,0.413,-0.244,0.564
0:10:36,636,-0.324,0.253,-0.324,0.436
0:10:37,637,-0.227,0.138,-0.329,0.289
0:10:38,638,-0.138,0.071,-0.276,0.196
0:10:39,639,-0.027,-0.004,-0.187,0.102
0:10:40,640,0.071,-0.067,-0.102,0.022
0:10:41,641,0.209,-0.089,0.022,-0.031
0:10:42,642,0.324,-0.084,0.138,-0.084
0:10:43,643,0.440,-0.031,0.244,-0.076
0:10:44,644,0.498,0.040,0.351,-0.058
0:10:45,645,0.564,0.120,0.427,0.000
0:10:46,646,0.644,0.129,0.484,0.040
0:10:47,647,0.671,0.138,0.502,0.049
0:10:48,648,0.698,0.120,0.516,0.040
0:10:49,649,0.747,0.138,0.569,0.089
0:10:50,650,0.760,0.124,0.582,0.120
0:10:51,651,0.804,-0.036,0.644,0.044
0:10:52,652,0.653,-0.378,0.724,-0.209
0:10:53,653,0.107,-0.391,0.244,-0.511
0:10:54,654,0.044,-0.227,0.138,-0.378
0:10:55,655,-0.040,-0.204,0.093,-0.320
0:10:56,656,-0.169,-0.209,0.000,-0.271
0:10:57,657,-0.267,-0.316,-0.093,-0.253
0:10:58,658,-0.298,-0.431,-0.182,-0.284
0:10:59,659,-0.280,-0.529,-0.218,-0.360
0:11:00,660,-0.276,-0.627,-0.227,-0.458
0:11:01,661,-0.253,-0.680,-0.227,-0.493
0:11:02,662,-0.133,-0.782,-0.173,-0.609
0:11:03,663,0.111,-0.849,-0.049,-0.716
0:11:04,664,0.333,-0.542,0.244,-0.698
0:11:05,665,0.373,-0.298,0.382,-0.471
0:11:06,666,0.360,-0.151,0.387,-0.338
0:11:07,667,0.289,-0.004,0.333,-0.160
0:11:08,668,0.227,0.138,0.293,-0.040
0:11:09,669,0.111,0.244,0.209,0.107
0:11:10,670,0.031,0.311,0.129,0.160
0:11:11,671,-0.013,0.351,0.107,0.209
0:11:12,672,-0.142,0.431,0.013,0.302
0:11:13,673,-0.320,0.436,-0.124,0.356
0:11:14,674,-0.400,0.360,-0.200,0.369
0:11:15,675,-0.467,0.240,-0.311,0.360
0:11:16,676,-0.502,0.076,-0.449,0.253
0:11:17,677,-0.458,-0.080,-0.476,0.111
0:11:18,678,-0.458,-0.196,-0.440,-0.004
0:11:19,679,-0.498,-0.231,-0.440,-0.062
0:11:20,680,-0.560,-0.253,-0.440,-0.120
0:11:21,681,-0.613,-0.258,-0.476,-0.138
0:11:22,682,-0.662,-0.333,-0.520,-0.191
0:11:23,683,-0.564,-0.467,-0.529,-0.293
0:11:24,684,-0.356,-0.636,-0.387,-0.458
0:11:25,685,-0.067,-0.733,-0.191,-0.591
0:11:26,686,0.227,-0.667,0.062,-0.609
0:11:27,687,0.502,-0.431,0.333,-0.511
0:11:28,688,0.622,-0.209,0.511,-0.360
0:11:29,689,0.653,0.004,0.609,-0.164
0:11:30,690,0.618,0.218,0.622,0.049
0:11:31,691,0.533,0.387,0.578,0.191
0:11:32,692,0.462,0.484,0.533,0.307
0:11:33,693,0.404,0.591,0.458,0.400
0:11:34,694,0.342,0.693,0.284,0.507
0:11:35,695,0.467,0.596,0.262,0.618
0:11:36,696,0.498,0.262,0.484,0.458
0:11:37,697,0.600,0.173,0.529,0.351
0:11:38,698,0.644,0.164,0.529,0.307
0:11:39,699,0.644,0.111,0.569,0.276
0:11:40,700,0.653,0.022,0.578,0.200
0:11:41,701,0.662,-0.133,0.600,0.040
0:11:42,702,0.587,-0.289,0.636,-0.116
0:11:43,703,0.431,-0.449,0.564,-0.316
0:11:44,704,0.280,-0.538,0.458,-0.440
0:11:45,705,0.160,-0.507,0.351,-0.533
0:11:46,706,0.102,-0.471,0.258,-0.533
0:11:47,707,-0.009,-0.396,0.138,-0.511
0:11:48,708,-0.129,-0.324,0.027,-0.413
0:11:49,709,-0.222,-0.253,-0.049,-0.342
0:11:50,710,-0.333,-0.298,-0.160,-0.298
0:11:51,711,-0.404,-0.369,-0.227,-0.307
0:11:52,712,-0.369,-0.467,-0.284,-0.307
0:11:53,713,-0.262,-0.591,-0.316,-0.404
0:11:54,714,-0.200,-0.667,-0.253,-0.489
0:11:55,715,-0.178,-0.716,-0.209,-0.538
0:11:56,716,-0.147,-0.742,-0.156,-0.551
0:11:57,717,-0.178,-0.787,-0.098,-0.613
0:11:58,718,-0.369,-0.636,-0.173,-0.631
0:11:59,719,-0.431,-0.409,-0.316,-0.547
0:12:00,720,-0.427,-0.333,-0.338,-0.493
0:12:01,721,-0.391,-0.356,-0.320,-0.520
0:12:02,722,-0.307,-0.356,-0.342,-0.538
0:12:03,723,-0.289,-0.382,-0.373,-0.529
0:12:04,724,-0.289,-0.382,-0.373,-0.529
0:12:05,725,-0.289,-0.382,-0.373,-0.529
0:12:06,726,-0.289,-0.382,-0.373,-0.529
0:12:07,727,-0.289,-0.382,-0.342,-0.529
0:12:08,728,-0.289,-0.369,-0.360,-0.511
0:12:09,729,-0.280,-0.360,-0.356,-0.516
0:12:10,730,-0.262,-0.387,-0.369,-0.529
0:12:11,731,-0.271,-0.382,-0.369,-0.529
0:12:12,732,-0.271,-0.382,-0.369,-0.529
0:12:13,733,-0.271,-0.382,-0.369,-0.529
0:12:14,734,-0.271,-0.382,-0.369,-0.529
0:12:15,735,-0.271,-0.382,-0.369,-0.529
0:12:16,736,-0.271,-0.369,-0.351,-0.516
0:12:17,737,-0.271,-0.369,-0.351,-0.516
0:12:18,738,-0.271,-0.369,-0.351,-0.516
0:12:19,739,-0.213,-0.316,-0.316,-0.462
0:12:20,740,-0.178,-0.218,-0.253,-0.369
0:12:21,741,-0.124,-0.147,-0.222,-0.298
0:12:22,742,-0.058,-0.053,-0.156,-0.191
0:12:23,743,0.036,0.040,-0.076,-0.098
0:12:24,744,0.129,0.142,-0.004,-0.013
0:12:25,745,0.244,0.182,0.062,0.084
0:12:26,746,0.369,0.156,0.173,0.147
0:12:27,747,0.440,0.129,0.244,0.133
0:12:28,748,0.444,0.111,0.271,0.138
0:12:29,749,0.449,0.071,0.284,0.156
0:12:30,750,0.462,0.040,0.289,0.151
0:12:31,751,0.462,0.040,0.289,0.151
0:12:32,752,0.471,0.013,0.324,0.138
0:12:33,753,0.458,-0.004,0.333,0.129
0:12:34,754,0.436,-0.013,0.342,0.151
0:12:35,755,0.413,-0.009,0.351,0.160
0:12:36,756,0.400,-0.009,0.360,0.156
0:12:37,757,0.400,-0.009,0.360,0.156
0:12:38,758,0.400,-0.009,0.360,0.156
0:12:39,759,0.400,-0.009,0.360,0.156
0:12:40,760,0.400,-0.009,0.360,0.156
0:12:41,761,0.431,-0.013,0.351,0.138
0:12:42,762,0.409,-0.013,0.347,0.156
0:12:43,763,0.387,0.004,0.351,0.178
0:12:44,764,0.382,-0.009,0.360,0.178
0:12:45,765,0.382,-0.009,0.360,0.178
0:12:46,766,0.382,-0.009,0.360,0.178
0:12:47,767,0.382,-0.009,0.360,0.178
0:12:48,768,0.391,-0.022,0.369,0.164
0:12:49,769,0.387,-0.013,0.364,0.173
0:12:50,770,0.378,-0.013,0.373,0.164
0:12:51,771,0.378,-0.013,0.373,0.164
0:12:52,772,0.378,-0.013,0.373,0.164
0:12:53,773,0.396,-0.018,0.369,0.164
0:12:54,774,0.409,-0.058,0.373,0.133
0:12:55,775,0.431,-0.062,0.378,0.098
0:12:56,776,0.431,-0.062,0.378,0.098
0:12:57,777,0.431,-0.062,0.378,0.098
0:12:58,778,0.431,-0.062,0.378,0.098
0:12:59,779,0.431,-0.062,0.378,0.098
0:13:00,780,0.436,-0.062,0.382,0.098
0:13:01,781,0.436,-0.062,0.382,0.098
0:13:02,782,0.436,-0.062,0.382,0.098
0:13:03,783,0.436,-0.062,0.382,0.098
0:13:04,784,0.436,-0.062,0.382,0.098
0:13:05,785,0.436,-0.062,0.364,0.093
0:13:06,786,0.449,-0.049,0.356,0.089
0:13:07,787,0.440,-0.058,0.369,0.089
0:13:08,788,0.458,-0.084,0.378,0.067
0:13:09,789,0.476,-0.102,0.391,0.062
0:13:10,790,0.498,-0.124,0.404,0.027
0:13:11,791,0.547,-0.178,0.453,-0.040
0:13:12,792,0.636,-0.200,0.493,-0.089
0:13:13,793,0.644,-0.209,0.502,-0.098
0:13:14,794,0.640,-0.213,0.511,-0.098
0:13:15,795,0.644,-0.213,0.516,-0.098
0:13:16,796,0.644,-0.324,0.529,-0.182
0:13:17,797,0.516,-0.533,0.467,-0.369
0:13:18,798,0.227,-0.671,0.347,-0.520
0:13:19,799,-0.049,-0.618,0.133,-0.618
0:13:20,800,-0.173,-0.578,0.013,-0.600
0:13:21,801,-0.298,-0.529,-0.111,-0.591
0:13:22,802,-0.302,-0.440,-0.191,-0.573
0:13:23,803,-0.262,-0.351,-0.227,-0.524
0:13:24,804,-0.271,-0.276,-0.236,-0.453
0:13:25,805,-0.311,-0.196,-0.253,-0.360
0:13:26,806,-0.360,-0.098,-0.289,-0.262
0:13:27,807,-0.396,0.004,-0.316,-0.164
0:13:28,808,-0.458,0.093,-0.351,-0.067
0:13:29,809,-0.502,0.164,-0.387,0.013
0:13:30,810,-0.533,0.227,-0.422,0.080
0:13:31,811,-0.573,0.311,-0.476,0.147
0:13:32,812,-0.560,0.356,-0.493,0.178
0:13:33,813,-0.538,0.373,-0.516,0.191
0:13:34,814,-0.538,0.373,-0.516,0.191
0:13:35,815,-0.538,0.373,-0.516,0.191
0:13:36,816,-0.538,0.373,-0.516,0.191
0:13:37,817,-0.520,0.387,-0.520,0.200
0:13:38,818,-0.480,0.382,-0.533,0.204
0:13:39,819,-0.387,0.422,-0.520,0.293
0:13:40,820,-0.316,0.422,-0.480,0.356
0:13:41,821,-0.262,0.493,-0.422,0.391
0:13:42,822,-0.196,0.560,-0.351,0.449
0:13:43,823,-0.107,0.627,-0.271,0.524
0:13:44,824,-0.009,0.671,-0.169,0.591
0:13:45,825,0.098,0.693,-0.084,0.636
0:13:46,826,0.200,0.609,0.013,0.644
0:13:47,827,0.280,0.596,0.098,0.627
0:13:48,828,0.302,0.618,0.102,0.618
0:13:49,829,0.342,0.613,0.147,0.613
0:13:50,830,0.413,0.547,0.222,0.573
0:13:51,831,0.467,0.538,0.262,0.547
0:13:52,832,0.542,0.413,0.351,0.467
0:13:53,833,0.604,0.293,0.471,0.404
0:13:54,834,0.636,0.138,0.556,0.302
0:13:55,835,0.667,0.018,0.591,0.182
0:13:56,836,0.644,-0.142,0.618,0.040
0:13:57,837,0.582,-0.276,0.618,-0.098
0:13:58,838,0.480,-0.400,0.578,-0.240
0:13:59,839,0.347,-0.476,0.476,-0.351
0:14:00,840,0.218,-0.538,0.373,-0.453
0:14:01,841,0.076,-0.564,0.249,-0.516
0:14:02,842,-0.044,-0.573,0.142,-0.556
0:14:03,843,-0.120,-0.489,0.044,-0.573
0:14:04,844,-0.191,-0.427,-0.049,-0.533
0:14:05,845,-0.191,-0.427,-0.049,-0.533
0:14:06,846,-0.258,-0.404,-0.102,-0.484
0:14:07,847,-0.369,-0.396,-0.178,-0.431
0:14:08,848,-0.458,-0.351,-0.280,-0.391
0:14:09,849,-0.542,-0.267,-0.378,-0.360
0:14:10,850,-0.573,-0.196,-0.440,-0.324
0:14:11,851,-0.631,-0.111,-0.538,-0.249
0:14:12,852,-0.653,0.031,-0.609,-0.156
0:14:13,853,-0.640,0.120,-0.600,-0.058
0:14:14,854,-0.600,0.227,-0.596,0.049
0:14:15,855,-0.529,0.342,-0.582,0.164
0:14:16,856,-0.467,0.413,-0.564,0.253
0:14:17,857,-0.378,0.453,-0.511,0.342
0:14:18,858,-0.293,0.502,-0.440,0.396
0:14:19,859,-0.298,0.596,-0.391,0.444
0:14:20,860,-0.204,0.658,-0.333,0.533
0:14:21,861,-0.067,0.671,-0.236,0.578
0:14:22,862,0.022,0.693,-0.138,0.636
0:14:23,863,0.129,0.676,-0.067,0.644
0:14:24,864,0.187,0.618,-0.013,0.653
0:14:25,865,0.253,0.609,0.058,0.644
0:14:26,866,0.329,0.609,0.120,0.662
0:14:27,867,0.338,0.582,0.160,0.676
0:14:28,868,0.378,0.547,0.236,0.671
0:14:29,869,0.373,0.573,0.200,0.649
0:14:30,870,0.324,0.596,0.147,0.649
0:14:31,871,0.298,0.591,0.133,0.680
0:14:32,872,0.267,0.569,0.191,0.742
0:14:33,873,0.280,0.564,0.244,0.747
0:14:34,874,0.280,0.564,0.284,0.742
0:14:35,875,0.280,0.564,0.364,0.733
0:14:36,876,0.280,0.564,0.369,0.724
0:14:37,877,0.280,0.556,0.360,0.720
0:14:38,878,0.267,0.542,0.360,0.720
0:14:39,879,0.284,0.542,0.351,0.716
0:14:40,880,0.347,0.493,0.307,0.684
0:14:41,881,0.431,0.458,0.333,0.618
0:14:42,882,0.436,0.431,0.351,0.591
0:14:43,883,0.436,0.431,0.351,0.578
0:14:44,884,0.449,0.422,0.356,0.573
0:14:45,885,0.471,0.427,0.351,0.569
0:14:46,886,0.471,0.427,0.342,0.556
0:14:47,887,0.471,0.427,0.342,0.556
0:14:48,888,0.493,0.436,0.342,0.556
0:14:49,889,0.498,0.396,0.373,0.542
0:14:50,890,0.476,0.404,0.369,0.564
0:14:51,891,0.467,0.413,0.360,0.560
0:14:52,892,0.476,0.413,0.360,0.560
0:14:53,893,0.476,0.413,0.360,0.560
0:14:54,894,0.484,0.422,0.360,0.547
0:14:55,895,0.547,0.396,0.378,0.480
0:14:56,896,0.600,0.298,0.453,0.404
0:14:57,897,0.640,0.138,0.564,0.307
0:14:58,898,0.676,0.036,0.564,0.191
0:14:59,899,0.680,-0.093,0.596,0.076
0:15:00,900,0.636,-0.258,0.613,-0.076
0:15:01,901,0.502,-0.396,0.591,-0.227
0:15:02,902,0.409,-0.476,0.529,-0.342
0:15:03,903,0.329,-0.529,0.467,-0.413
0:15:04,904,0.204,-0.582,0.373,-0.502
0:15:05,905,0.093,-0.631,0.258,-0.556
0:15:06,906,-0.022,-0.658,0.156,-0.604
0:15:07,907,-0.120,-0.653,0.058,-0.627
0:15:08,908,-0.240,-0.649,-0.049,-0.627
0:15:09,909,-0.329,-0.582,-0.147,-0.591
0:15:10,910,-0.436,-0.533,-0.258,-0.556
0:15:11,911,-0.547,-0.440,-0.373,-0.511
0:15:12,912,-0.596,-0.302,-0.467,-0.422
0:15:13,913,-0.591,-0.178,-0.520,-0.360
0:15:14,914,-0.649,-0.076,-0.582,-0.244
0:15:15,915,-0.658,0.067,-0.622,-0.111
0:15:16,916,-0.600,0.218,-0.609,0.031
0:15:17,917,-0.511,0.342,-0.578,0.178
0:15:18,918,-0.413,0.440,-0.529,0.298
0:15:19,919,-0.298,0.484,-0.449,0.387
0:15:20,920,-0.173,0.547,-0.351,0.462
0:15:21,921,-0.084,0.636,-0.240,0.529
0:15:22,922,0.018,0.702,-0.138,0.600
0:15:23,923,0.129,0.684,-0.058,0.636
0:15:24,924,0.236,0.636,0.049,0.636
0:15:25,925,0.311,0.596,0.133,0.653
0:15:26,926,0.396,0.547,0.227,0.644
0:15:27,927,0.440,0.511,0.271,0.604
0:15:28,928,0.516,0.427,0.333,0.538
0:15:29,929,0.569,0.311,0.436,0.440
0:15:30,930,0.618,0.164,0.547,0.333
0:15:31,931,0.636,0.036,0.591,0.209
0:15:32,932,0.640,-0.120,0.609,0.067
0:15:33,933,0.604,-0.244,0.636,-0.067
0:15:34,934,0.516,-0.369,0.622,-0.200
0:15:35,935,0.413,-0.449,0.556,-0.329
0:15:36,936,0.293,-0.520,0.458,-0.431
0:15:37,937,0.160,-0.573,0.333,-0.507
0:15:38,938,0.071,-0.618,0.244,-0.560
0:15:39,939,-0.031,-0.627,0.160,-0.587
0:15:40,940,-0.147,-0.596,0.036,-0.604
0:15:41,941,-0.280,-0.538,-0.098,-0.569
0:15:42,942,-0.351,-0.462,-0.187,-0.547
0:15:43,943,-0.400,-0.356,-0.276,-0.467
0:15:44,944,-0.467,-0.258,-0.324,-0.396
0:15:45,945,-0.582,-0.191,-0.427,-0.307
0:15:46,946,-0.644,-0.129,-0.511,-0.249
0:15:47,947,-0.662,-0.040,-0.591,-0.191
0:15:48,948,-0.636,0.058,-0.644,-0.133
0:15:49,949,-0.627,0.156,-0.627,-0.031
0:15:50,950,-0.582,0.253,-0.618,0.067
0:15:51,951,-0.511,0.369,-0.587,0.218
0:15:52,952,-0.431,0.458,-0.538,0.320
0:15:53,953,-0.324,0.547,-0.471,0.422
0:15:54,954,-0.200,0.600,-0.373,0.516
0:15:55,955,-0.058,0.653,-0.227,0.591
0:15:56,956,0.084,0.680,-0.098,0.636
0:15:57,957,0.227,0.613,0.036,0.631
0:15:58,958,0.329,0.596,0.120,0.618
0:15:59,959,0.409,0.551,0.222,0.604
0:16:00,960,0.511,0.449,0.338,0.547
0:16:01,961,0.564,0.342,0.422,0.453
0:16:02,962,0.644,0.196,0.507,0.338
0:16:03,963,0.680,0.084,0.560,0.231
0:16:04,964,0.698,-0.049,0.600,0.120
0:16:05,965,0.644,-0.227,0.613,-0.044
0:16:06,966,0.556,-0.391,0.604,-0.209
0:16:07,967,0.387,-0.520,0.511,-0.378
0:16:08,968,0.236,-0.587,0.396,-0.484
0:16:09,969,0.093,-0.671,0.262,-0.582
0:16:10,970,-0.049,-0.689,0.133,-0.636
0:16:11,971,-0.178,-0.644,0.009,-0.658
0:16:12,972,-0.302,-0.578,-0.124,-0.631
0:16:13,973,-0.364,-0.484,-0.227,-0.600
0:16:14,974,-0.316,-0.364,-0.289,-0.533
0:16:15,975,-0.236,-0.311,-0.316,-0.471
0:16:16,976,-0.182,-0.218,-0.253,-0.378
0:16:17,977,-0.133,-0.147,-0.204,-0.307
0:16:18,978,-0.133,-0.147,-0.204,-0.307
0:16:19,979,-0.133,-0.147,-0.204,-0.307
0:16:20,980,-0.133,-0.147,-0.204,-0.307
0:16:21,981,-0.147,-0.142,-0.204,-0.307
0:16:22,982,-0.147,-0.164,-0.204,-0.329
0:16:23,983,-0.164,-0.156,-0.196,-0.333
0:16:24,984,-0.213,-0.147,-0.164,-0.324
0:16:25,985,-0.253,-0.129,-0.160,-0.271
0:16:26,986,-0.227,-0.164,-0.116,-0.311
0:16:27,987,-0.267,-0.267,-0.076,-0.271
0:16:28,988,-0.262,-0.369,-0.124,-0.236
0:16:29,989,-0.284,-0.431,-0.182,-0.280
0:16:30,990,-0.284,-0.476,-0.213,-0.311
0:16:31,991,-0.298,-0.533,-0.240,-0.369
0:16:32,992,-0.289,-0.618,-0.262,-0.431
0:16:33,993,-0.284,-0.653,-0.253,-0.476
0:16:34,994,-0.289,-0.644,-0.236,-0.476
0:16:35,995,-0.249,-0.698,-0.236,-0.511
0:16:36,996,-0.187,-0.738,-0.191,-0.564
0:16:37,997,-0.107,-0.787,-0.156,-0.618
0:16:38,998,0.093,-0.733,-0.062,-0.636
0:16:39,999,0.200,-0.604,0.004,-0.644
0:16:40,1000,0.271,-0.529,0.120,-0.631
0:16:41,1001,0.378,-0.498,0.222,-0.596
0:16:42,1002,0.462,-0.480,0.302,-0.551
0:16:43,1003,0.516,-0.409,0.378,-0.529
0:16:44,1004,0.582,-0.329,0.453,-0.453
0:16:45,1005,0.653,-0.196,0.551,-0.360
0:16:46,1006,0.689,-0.044,0.627,-0.213
0:16:47,1007,0.662,0.084,0.667,-0.120
0:16:48,1008,0.658,0.071,0.689,-0.111
0:16:49,1009,0.609,0.067,0.720,-0.084
0:16:50,1010,0.600,0.067,0.729,-0.053
0:16:51,1011,0.600,0.067,0.724,-0.049
0:16:52,1012,0.591,0.067,0.733,-0.044
0:16:53,1013,0.600,0.084,0.720,-0.040
0:16:54,1014,0.591,0.147,0.698,-0.004
0:16:55,1015,0.613,0.147,0.689,0.000
0:16:56,1016,0.596,0.142,0.702,0.004
0:16:57,1017,0.604,0.147,0.702,0.004
0:16:58,1018,0.604,0.147,0.702,0.004
0:16:59,1019,0.591,0.147,0.711,0.013
0:17:00,1020,0.591,0.147,0.711,0.013
0:17:01,1021,0.529,0.182,0.684,0.062
0:17:02,1022,0.476,0.324,0.582,0.173
0:17:03,1023,0.396,0.453,0.516,0.316
0:17:04,1024,0.400,0.596,0.467,0.418
0:17:05,1025,0.351,0.631,0.467,0.484
0:17:06,1026,0.240,0.640,0.431,0.560
0:17:07,1027,0.098,0.582,0.293,0.582
0:17:08,1028,-0.040,0.484,0.138,0.564
0:17:09,1029,-0.156,0.387,0.000,0.484
0:17:10,1030,-0.289,0.356,-0.111,0.427
0:17:11,1031,-0.404,0.342,-0.209,0.431
0:17:12,1032,-0.467,0.342,-0.307,0.404
0:17:13,1033,-0.560,0.311,-0.391,0.373
0:17:14,1034,-0.618,0.231,-0.462,0.311
0:17:15,1035,-0.662,0.147,-0.538,0.262
0:17:16,1036,-0.716,0.102,-0.591,0.213
0:17:17,1037,-0.716,0.022,-0.618,0.164
0:17:18,1038,-0.693,-0.173,-0.680,0.004
0:17:19,1039,-0.627,-0.307,-0.680,-0.133
0:17:20,1040,-0.533,-0.449,-0.604,-0.271
0:17:21,1041,-0.467,-0.573,-0.547,-0.404
0:17:22,1042,-0.342,-0.613,-0.458,-0.476
0:17:23,1043,-0.262,-0.662,-0.369,-0.511
0:17:24,1044,-0.187,-0.720,-0.271,-0.556
0:17:25,1045,-0.031,-0.787,-0.142,-0.644
0:17:26,1046,0.249,-0.751,0.093,-0.662
0:17:27,1047,0.551,-0.636,0.356,-0.591
0:17:28,1048,0.609,-0.436,0.440,-0.507
0:17:29,1049,0.547,-0.338,0.480,-0.511
0:17:30,1050,0.564,-0.227,0.529,-0.413
0:17:31,1051,0.640,-0.076,0.573,-0.231
0:17:32,1052,0.680,0.080,0.618,-0.076
0:17:33,1053,0.640,0.213,0.618,0.040
0:17:34,1054,0.680,0.271,0.573,0.124
0:17:35,1055,0.738,0.333,0.596,0.196
0:17:36,1056,0.689,0.493,0.564,0.329
0:17:37,1057,0.622,0.609,0.516,0.467
0:17:38,1058,0.529,0.480,0.351,0.400
0:17:39,1059,0.600,0.404,0.391,0.387
0:17:40,1060,0.631,0.284,0.467,0.378
0:17:41,1061,0.658,0.147,0.547,0.298
0:17:42,1062,0.680,0.018,0.600,0.196
0:17:43,1063,0.676,-0.084,0.636,0.093
0:17:44,1064,0.653,-0.173,0.667,0.009
0:17:45,1065,0.600,-0.316,0.658,-0.142
0:17:46,1066,0.511,-0.431,0.618,-0.271
0:17:47,1067,0.413,-0.493,0.547,-0.382
0:17:48,1068,0.342,-0.533,0.489,-0.440
0:17:49,1069,0.240,-0.564,0.413,-0.538
0:17:50,1070,0.133,-0.627,0.307,-0.578
0:17:51,1071,0.049,-0.662,0.222,-0.636
0:17:52,1072,-0.044,-0.693,0.142,-0.653
0:17:53,1073,-0.102,-0.693,0.084,-0.684
0:17:54,1074,-0.244,-0.653,-0.040,-0.680
0:17:55,1075,-0.373,-0.547,-0.200,-0.636
0:17:56,1076,-0.458,-0.524,-0.280,-0.609
0:17:57,1077,-0.556,-0.449,-0.387,-0.538
0:17:58,1078,-0.618,-0.307,-0.493,-0.458
0:17:59,1079,-0.618,-0.156,-0.556,-0.342
0:18:00,1080,-0.653,-0.040,-0.596,-0.227
0:18:01,1081,-0.649,0.098,-0.636,-0.093
0:18:02,1082,-0.644,0.191,-0.644,0.004
0:18:03,1083,-0.613,0.262,-0.644,0.093
0:18:04,1084,-0.556,0.364,-0.600,0.196
0:18:05,1085,-0.476,0.458,-0.582,0.289
0:18:06,1086,-0.351,0.573,-0.476,0.436
0:18:07,1087,-0.213,0.658,-0.369,0.556
0:18:08,1088,-0.040,0.684,-0.227,0.627
0:18:09,1089,0.116,0.693,-0.076,0.671
0:18:10,1090,0.213,0.644,0.013,0.644
0:18:11,1091,0.280,0.587,0.080,0.631
0:18:12,1092,0.373,0.573,0.191,0.627
0:18:13,1093,0.480,0.502,0.316,0.573
0:18:14,1094,0.573,0.364,0.422,0.476
0:18:15,1095,0.644,0.222,0.520,0.369
0:18:16,1096,0.662,0.031,0.596,0.209
0:18:17,1097,0.671,-0.142,0.653,0.040
0:18:18,1098,0.582,-0.307,0.644,-0.147
0:18:19,1099,0.444,-0.440,0.573,-0.324
0:18:20,1100,0.329,-0.520,0.484,-0.427
0:18:21,1101,0.204,-0.551,0.396,-0.511
0:18:22,1102,0.129,-0.516,0.298,-0.538
0:18:23,1103,0.049,-0.480,0.204,-0.551
0:18:24,1104,-0.049,-0.431,0.102,-0.520
0:18:25,1105,-0.129,-0.378,0.036,-0.467
0:18:26,1106,-0.182,-0.329,-0.022,-0.422
0:18:27,1107,-0.244,-0.240,-0.098,-0.364
0:18:28,1108,-0.333,-0.187,-0.173,-0.271
0:18:29,1109,-0.356,-0.129,-0.191,-0.218
0:18:30,1110,-0.387,-0.129,-0.222,-0.196
0:18:31,1111,-0.480,-0.129,-0.293,-0.169
0:18:32,1112,-0.556,-0.164,-0.360,-0.160
0:18:33,1113,-0.596,-0.182,-0.396,-0.160
0:18:34,1114,-0.613,-0.200,-0.418,-0.156
0:18:35,1115,-0.618,-0.236,-0.440,-0.164
0:18:36,1116,-0.644,-0.253,-0.462,-0.182
0:18:37,1117,-0.644,-0.244,-0.449,-0.173
0:18:38,1118,-0.627,-0.244,-0.449,-0.173
0:18:39,1119,-0.591,-0.276,-0.440,-0.164
0:18:40,1120,-0.529,-0.333,-0.484,-0.156
0:18:41,1121,-0.449,-0.413,-0.498,-0.231
0:18:42,1122,-0.347,-0.489,-0.449,-0.333
0:18:43,1123,-0.236,-0.560,-0.356,-0.409
0:18:44,1124,-0.191,-0.658,-0.280,-0.493
0:18:45,1125,-0.204,-0.742,-0.244,-0.551
0:18:46,1126,-0.156,-0.733,-0.249,-0.564
0:18:47,1127,-0.102,-0.724,-0.240,-0.604
0:18:48,1128,0.027,-0.747,-0.133,-0.653
0:18:49,1129,0.182,-0.707,-0.004,-0.662
0:18:50,1130,0.351,-0.609,0.151,-0.636
0:18:51,1131,0.458,-0.484,0.298,-0.569
0:18:52,1132,0.573,-0.378,0.431,-0.493
0:18:53,1133,0.653,-0.200,0.551,-0.360
0:18:54,1134,0.707,-0.031,0.636,-0.200
0:18:55,1135,0.671,0.138,0.662,-0.044
0:18:56,1136,0.609,0.324,0.653,0.151
0:18:57,1137,0.520,0.462,0.587,0.307
0:18:58,1138,0.422,0.587,0.511,0.422
0:18:59,1139,0.302,0.662,0.431,0.507
0:19:00,1140,0.169,0.716,0.324,0.600
0:19:01,1141,-0.004,0.733,0.169,0.671
0:19:02,1142,-0.182,0.707,0.018,0.662
0:19:03,1143,-0.258,0.649,-0.084,0.698
0:19:04,1144,-0.356,0.600,-0.173,0.684
0:19:05,1145,-0.449,0.511,-0.293,0.627
0:19:06,1146,-0.564,0.396,-0.431,0.538
0:19:07,1147,-0.627,0.249,-0.520,0.418
0:19:08,1148,-0.676,0.111,-0.600,0.298
0:19:09,1149,-0.711,0.044,-0.618,0.209
0:19:10,1150,-0.729,-0.138,-0.658,0.031
0:19:11,1151,-0.653,-0.351,-0.676,-0.156
0:19:12,1152,-0.493,-0.524,-0.604,-0.369
0:19:13,1153,-0.396,-0.600,-0.524,-0.467
0:19:14,1154,-0.396,-0.600,-0.458,-0.449
0:19:15,1155,-0.387,-0.618,-0.458,-0.449
0:19:16,1156,-0.387,-0.618,-0.458,-0.449
0:19:17,1157,-0.360,-0.627,-0.449,-0.462
0:19:18,1158,-0.360,-0.627,-0.449,-0.462
0:19:19,1159,-0.316,-0.644,-0.387,-0.476
0:19:20,1160,-0.253,-0.671,-0.364,-0.516
0:19:21,1161,-0.240,-0.662,-0.329,-0.493
0:19:22,1162,-0.262,-0.671,-0.324,-0.484
0:19:23,1163,-0.267,-0.680,-0.311,-0.480
0:19:24,1164,-0.280,-0.680,-0.298,-0.493
0:19:25,1165,-0.307,-0.676,-0.271,-0.484
0:19:26,1166,-0.302,-0.662,-0.262,-0.493
0:19:27,1167,-0.307,-0.644,-0.236,-0.476
0:19:28,1168,-0.316,-0.622,-0.236,-0.476
0:19:29,1169,-0.316,-0.622,-0.236,-0.476
0:19:30,1170,-0.316,-0.622,-0.236,-0.476
0:19:31,1171,-0.316,-0.622,-0.236,-0.476
0:19:32,1172,-0.298,-0.653,-0.244,-0.484
0:19:33,1173,-0.289,-0.671,-0.244,-0.489
0:19:34,1174,-0.284,-0.689,-0.244,-0.498
0:19:35,1175,-0.289,-0.684,-0.244,-0.498
0:19:36,1176,-0.284,-0.667,-0.253,-0.484
0:19:37,1177,-0.284,-0.667,-0.253,-0.484
0:19:38,1178,-0.284,-0.667,-0.253,-0.484
0:19:39,1179,-0.284,-0.667,-0.253,-0.484
0:19:40,1180,-0.284,-0.667,-0.253,-0.484
0:19:41,1181,-0.284,-0.667,-0.253,-0.484
0:19:42,1182,-0.284,-0.667,-0.253,-0.484
0:19:43,1183,-0.284,-0.667,-0.253,-0.484
0:19:44,1184,-0.284,-0.667,-0.253,-0.484
0:19:45,1185,-0.284,-0.667,-0.253,-0.484
0:19:46,1186,-0.302,-0.640,-0.244,-0.480
0:19:47,1187,-0.289,-0.644,-0.253,-0.476
0:19:48,1188,-0.276,-0.644,-0.262,-0.476
0:19:49,1189,-0.271,-0.662,-0.271,-0.484
0:19:50,1190,-0.280,-0.684,-0.271,-0.498
0:19:51,1191,-0.253,-0.689,-0.280,-0.507
0:19:52,1192,-0.222,-0.689,-0.280,-0.507
0:19:53,1193,-0.182,-0.671,-0.284,-0.520
0:19:54,1194,-0.182,-0.671,-0.284,-0.520
0:19:55,1195,-0.151,-0.653,-0.271,-0.520
0:19:56,1196,-0.036,-0.569,-0.227,-0.556
0:19:57,1197,0.076,-0.502,-0.107,-0.533
0:19:58,1198,0.213,-0.511,0.027,-0.502
0:19:59,1199,0.333,-0.551,0.147,-0.480
0:20:00,1200,0.404,-0.529,0.227,-0.493
0:20:01,1201,0.404,-0.502,0.209,-0.502
0:20:02,1202,0.387,-0.538,0.191,-0.551
0:20:03,1203,0.476,-0.520,0.289,-0.538
0:20:04,1204,0.644,-0.369,0.462,-0.440
0:20:05,1205,0.738,-0.107,0.596,-0.253
0:20:06,1206,0.689,0.169,0.671,-0.022
0:20:07,1207,0.591,0.351,0.676,0.182
0:20:08,1208,0.489,0.498,0.591,0.351
0:20:09,1209,0.396,0.609,0.520,0.462
0:20:10,1210,0.262,0.667,0.422,0.564
0:20:11,1211,0.129,0.653,0.333,0.636
0:20:12,1212,-0.036,0.667,0.173,0.653
0:20:13,1213,-0.164,0.662,0.036,0.658
0:20:14,1214,-0.316,0.644,-0.111,0.627
0:20:15,1215,-0.431,0.582,-0.240,0.596
0:20:16,1216,-0.533,0.471,-0.347,0.533
0:20:17,1217,-0.604,0.329,-0.458,0.467
0:20:18,1218,-0.636,0.213,-0.551,0.373
0:20:19,1219,-0.680,0.102,-0.618,0.284
0:20:20,1220,-0.711,0.031,-0.658,0.218
0:20:21,1221,-0.698,-0.147,-0.662,0.031
0:20:22,1222,-0.636,-0.311,-0.653,-0.129
0:20:23,1223,-0.591,-0.440,-0.627,-0.253
0:20:24,1224,-0.476,-0.591,-0.547,-0.422
0:20:25,1225,-0.298,-0.698,-0.404,-0.538
0:20:26,1226,-0.191,-0.724,-0.280,-0.569
0:20:27,1227,-0.040,-0.836,-0.084,-0.653
0:20:28,1228,0.156,-0.911,0.102,-0.738
0:20:29,1229,0.196,-0.911,0.196,-0.720
0:20:30,1230,0.076,-0.751,0.213,-0.644
0:20:31,1231,-0.098,-0.578,0.062,-0.667
0:20:32,1232,-0.187,-0.533,-0.044,-0.649
0:20:33,1233,-0.258,-0.547,-0.098,-0.636
0:20:34,1234,-0.316,-0.578,-0.120,-0.582